word,onsets,offsets
i,0.3756,0.5506
thus,0.5506,0.9806
learned,0.9806,1.4006
a,1.4006,1.4406
second,1.4406,2.1006
very,2.1006,2.4906
important,2.4906,2.9806
thing,2.9806,3.275
that,3.8187,4.0237
his,4.0237,4.3237
home,4.3237,4.5637
planet,4.5637,5.1637
was,5.1637,5.3737
barely,5.3737,5.8737
bigger,5.8737,6.2637
than,6.2637,6.3937
a,6.3937,6.4437
house,6.4437,6.9728
it,7.6711,7.9961
didn,7.9961,8.2261
t,8.2261,8.2961
surprise,8.2961,8.7561
me,8.7561,8.8761
much,8.8761,9.3003
i,9.6145,9.7495
knew,9.7495,9.9995
that,9.9995,10.2995
apart,10.2995,10.7095
from,10.7095,10.8795
the,10.8795,10.9795
large,10.9795,11.3995
planets,11.3995,11.8495
like,11.8495,12.0895
the,12.0895,12.2095
earth,12.2095,12.6795
jupiter,12.6795,13.1395
mars,13.1395,13.5895
and,13.5895,13.7695
venus,13.7695,14.4172
which,14.6416,14.8366
have,14.8366,14.9466
been,14.9466,15.1466
given,15.1466,15.4166
names,15.4166,15.9514
there,16.3953,16.6003
are,16.6003,16.7003
hundreds,16.7003,17.1603
of,17.1603,17.2803
others,17.2803,17.7503
that,17.7503,17.9003
are,17.9003,17.9403
sometimes,17.9403,18.6003
so,18.6003,18.8503
small,18.8503,19.4903
that,19.4903,19.8203
one,19.8203,20.1603
has,20.1603,20.4203
great,20.4203,20.7803
difficulty,20.7803,21.3503
in,21.3503,21.4503
spotting,21.4503,21.8903
them,21.8903,22.1003
through,22.1003,22.2503
the,22.2503,22.3303
telescope,22.3303,22.9031
when,23.8259,24.0009
an,24.0009,24.1109
astronomer,24.1109,24.6509
discovers,24.6509,25.1909
one,25.1909,25.3309
of,25.3309,25.4909
these,25.4909,25.9058
he,26.2249,26.2999
gives,26.2999,26.5899
it,26.5899,26.7199
a,26.7199,26.7499
number,26.7499,27.2099
for,27.2699,27.4699
a,27.4699,27.5399
name,27.5399,27.9196
he,28.5381,28.6531
might,28.6531,28.9031
call,28.9031,29.1031
it,29.1031,29.2731
for,29.2731,29.4131
example,29.4131,29.9928
asteroid,30.4117,31.0667
three,31.0667,31.2667
hundred,31.2667,31.4667
and,31.4667,31.4667
twenty,31.4667,31.6667
five,31.8667,32.0966
i,33.2688,33.3638
have,33.3638,33.5338
serious,33.5338,34.1238
reason,34.1238,34.4638
to,34.4638,34.5838
believe,34.5838,35.0238
that,35.0238,35.1638
the,35.1638,35.2438
planet,35.2438,35.7038
from,35.7038,35.9038
where,35.9038,36.0338
the,36.0338,36.1438
little,36.1438,36.3738
prince,36.3738,36.7738
came,36.7738,37.2322
is,37.6112,37.7462
the,37.7462,37.9262
asteroid,37.9262,38.7862
b,38.7862,39.1262
six,39.1262,39.3262
hundred,39.3262,39.6262
and,39.6262,39.6262
twelve,39.6262,40.3802
this,40.9539,41.4689
asteroid,41.4689,42.0489
has,42.0489,42.2389
only,42.2389,42.4989
been,42.4989,42.6889
seen,42.6889,42.9689
through,42.9689,43.1389
a,43.1389,43.1789
telescope,43.1789,43.8789
once,43.8789,44.3589
in,44.3589,44.5289
one,44.5289,44.72
thousand,44.72,44.92
nine,44.92,45.12
hundred,45.12,45.32
and,45.32,45.32
nine,45.32,45.6089
by,45.6089,45.8489
a,45.8489,45.8789
turkish,45.8789,46.3789
astronomer,46.3789,46.986999999999995
he,47.7802,47.8452
had,47.8452,48.0752
then,48.0752,48.4052
given,48.4052,48.7252
a,48.7252,48.8152
big,48.8152,49.1552
presentation,49.1552,49.9552
on,49.9552,50.0652
his,50.0652,50.2452
discovery,50.2452,50.9042
at,51.1936,51.3486
an,51.3486,51.4786
international,51.4786,52.1986
astronomy,52.1986,52.7186
conference,52.7186,53.3778
but,53.8616,54.1466
nobody,54.1466,54.5566
had,54.5566,54.6666
believed,54.6666,55.1466
him,55.1466,55.2566
because,55.2566,55.5466
of,55.5466,55.6366
his,55.6366,55.7666
outfit,55.7666,56.3357
grownups,56.7847,57.1897
are,57.1897,57.2397
like,57.2397,57.5697
that,57.5697,57.8992
fortunately,58.7472,59.3822
for,59.3822,59.5222
the,59.5222,59.6222
reputation,59.6222,60.3022
of,60.3022,60.4122
asteroid,60.4122,61.1122
b,61.1122,61.3722
six,61.3722,61.6
hundred,61.6,61.9
and,61.9,61.9
twelve,61.9,62.3909
a,62.7451,62.8301
turkish,62.8301,63.4101
dictator,63.4101,64.0501
imposed,64.0501,64.6001
on,64.6001,64.7101
his,64.7101,64.9101
people,64.9101,65.3201
on,65.3201,65.4701
pain,65.4701,65.7701
of,65.7701,65.8701
death,65.8701,66.5701
to,66.5701,66.7501
dress,66.7501,67.1501
themselves,67.1501,67.7001
in,67.7001,67.7901
the,67.7901,67.9101
european,67.9101,68.5101
fashion,68.5101,69.0574
the,69.9004,70.0154
astronomer,70.0154,70.5854
gave,70.5854,70.8754
his,70.8754,71.0354
presentation,71.0354,71.7254
again,71.7254,72.0254
in,72.0254,72.1454
one,72.1454,72.34
thousand,72.34,72.54
nine,72.54,72.74
hundred,72.74,72.94
and,72.94,72.94
twenty,72.94,73.1654
dressed,73.1654,73.6054
very,73.6054,73.9854
stylishly,73.9854,74.7591
and,75.188,75.35300000000002
this,75.35300000000002,75.583
time,75.583,75.9329
everybody,76.2421,76.8271
believed,76.8271,77.0671
him,77.0671,77.3069
if,78.5441,78.6591
i,78.6591,78.7491
have,78.7491,78.8791
told,78.8791,79.1391
you,79.1391,79.2191
these,79.2191,79.4391
details,79.4391,79.8991
about,79.8991,80.1791
the,80.1791,80.2891
asteroid,80.2891,80.9891
b,80.9891,81.2091
six,81.2091,81.6
hundred,81.6,82.01
and,82.01,82.01
twelve,82.01,82.4591
and,82.4591,82.6691
revealed,82.6691,83.0091
to,83.0091,83.1091
you,83.1091,83.2591
its,83.2591,83.4591
number,83.4591,83.8872
it,84.2363,84.3813
s,84.3813,84.4213
because,84.4213,84.7113
of,84.7113,84.7913
the,84.7913,84.8613
grownups,85.1413,85.5057
grownups,85.9696,86.4546
love,86.4546,86.6846
numbers,86.6846,87.2542
when,87.6881,88.0131
you,88.0131,88.1331
talk,88.1331,88.4131
to,88.4131,88.5131
them,88.5131,88.6331
about,88.6331,88.9331
a,88.9331,88.9931
new,88.9931,88.9931
friend,88.9931,89.4473
they,89.7715,89.9065
never,89.9065,90.1765
ask,90.1765,90.4765
you,90.4765,90.5565
about,90.5565,90.6765
any,90.6765,90.7665
of,90.7665,90.8365
the,90.8365,90.9165
important,90.9165,91.5965
things,91.5965,91.9906
they,92.3298,92.4348
never,92.4348,92.6848
ask,92.6848,93.0348
you,93.0348,93.2348
how,93.2348,93.6948
does,93.6948,93.8348
his,93.8348,94.0448
voice,94.0448,94.3148
sound,94.3148,94.8388
what,95.0732,95.2182
games,95.2182,95.7082
does,95.7082,95.8382
he,95.8382,95.9382
like,95.9382,96.2582
best,96.2582,96.6725
does,96.9468,97.0518
he,97.0518,97.1318
collect,97.1318,97.5118
butterflies,97.5118,98.3161
they,98.9297,99.0247
ask,99.0247,99.4096
how,99.7138,99.9188
old,99.9188,100.0988
is,100.0988,100.2188
he,100.2188,100.4087
how,100.7978,100.9228
many,100.9228,101.1128
brothers,101.1128,101.5028
does,101.5028,101.6428
he,101.6428,101.7928
have,101.7928,102.0276
how,102.26700000000001,102.37200000000001
much,102.37200000000001,102.59200000000001
does,102.59200000000001,102.742
he,102.742,102.83200000000001
weigh,102.83200000000001,103.2019
how,103.6309,103.7359
much,103.7359,103.9359
money,103.9359,104.2059
does,104.2059,104.3459
his,104.3459,104.5259
father,104.5259,104.8559
make,104.8559,105.1706
only,105.8041,106.2991
then,106.2991,106.5491
do,106.5491,106.6891
they,106.6891,106.8391
think,106.8391,107.2191
they,107.2191,107.3291
know,107.3291,107.4091
him,107.4091,107.8636
if,108.7714,108.8864
you,108.8864,109.0164
said,109.0164,109.2864
to,109.2864,109.3764
the,109.3764,109.4664
grownups,109.4664,110.0961
i,110.5998,110.8348
saw,110.8348,111.1548
a,111.1548,111.2848
beautiful,111.2848,112.0048
red,112.0048,112.3148
brick,112.3148,112.6948
house,112.6948,113.1248
with,113.1248,113.2948
geraniums,113.2948,114.0448
by,114.0448,114.2348
the,114.2348,114.3348
windows,114.3348,114.8148
and,114.8148,114.9748
doves,114.9748,115.4348
on,115.4348,115.5848
the,115.5848,115.6748
roof,115.6748,116.0229
they,116.6214,116.7264
wouldn,116.7264,116.9964
t,116.9964,117.0264
be,117.0264,117.1764
able,117.1764,117.4064
to,117.4064,117.5064
picture,117.5064,117.9964
this,117.9964,118.2664
house,118.2664,118.5464
in,118.5464,118.6064
their,118.6064,118.7664
minds,118.7664,119.3105
you,119.6148,119.8598
d,119.8598,119.8898
have,119.8898,120.1398
to,120.1398,120.2198
tell,120.2198,120.5198
them,120.5198,120.7442
i,121.258,121.443
saw,121.443,121.67299999999999
a,121.67299999999999,121.743
hundred,121.743,122.273
thousand,122.273,122.743
franc,122.743,123.12299999999999
house,123.12299999999999,123.6573
and,124.0014,124.2164
they,124.2164,124.3464
d,124.3464,124.4164
cry,124.4164,124.7913
how,125.0407,125.3657
pretty,125.3657,125.9002
so,126.7981,126.9731
if,126.9731,127.1131
you,127.1131,127.2031
were,127.2031,127.3031
to,127.3031,127.4131
say,127.4131,127.6931
to,127.6931,127.8631
them,127.8631,128.13299999999998
the,128.6168,128.6818
proof,128.6818,129.0918
that,129.0918,129.2418
the,129.2418,129.3218
little,129.3218,129.6418
prince,129.6418,129.9518
existed,129.9518,130.591
is,130.8953,131.0103
that,131.0103,131.1303
he,131.1303,131.2403
was,131.2403,131.4703
charming,131.4703,132.0
he,132.2194,132.3844
laughed,132.3844,133.0344
and,133.0344,133.1444
he,133.1444,133.2344
wanted,133.2344,133.5644
a,133.5644,133.6144
sheep,133.6144,133.9589
if,134.5076,134.6526
someone,134.6526,135.1026
wants,135.1026,135.4726
a,135.4726,135.5226
sheep,135.5226,136.0326
that,136.0326,136.2226
proves,136.2226,136.7226
they,136.7226,136.8826
exist,136.8826,137.4414
they,137.9102,138.0852
d,138.0852,138.1952
shrug,138.1952,138.5452
their,138.5452,138.7352
shoulders,138.7352,139.3352
and,139.3352,139.4752
treat,139.4752,139.7552
you,139.7552,139.9252
like,139.9252,140.0952
a,140.0952,140.1352
child,140.1352,140.6994
but,141.2881,141.4231
if,141.4231,141.5631
you,141.5631,141.7031
were,141.7031,141.8131
to,141.8131,141.9231
say,141.9231,142.4829
the,142.7173,142.7823
planet,142.7823,143.2423
he,143.2423,143.3723
came,143.3723,143.7223
from,143.7223,144.0123
is,144.0123,144.1623
the,144.1623,144.2623
asteroid,144.2623,144.9723
b,144.9723,145.1823
six,145.1823,145.48
hundred,145.48,145.78
and,145.78,145.78
twelve,145.78,146.2013
they,146.5056,146.6006
d,146.6006,146.6506
be,146.6506,146.7806
convinced,146.7806,147.4204
and,147.6997,147.8747
leave,147.8747,148.1247
you,148.1247,148.2247
in,148.2247,148.3647
peace,148.3647,148.8647
and,148.8647,149.0347
spare,149.0347,149.3647
you,149.3647,149.5447
their,149.5447,149.7447
questions,149.7447,150.489
they,150.9129,151.0179
re,151.0179,151.1079
like,151.1079,151.3579
that,151.3579,151.6674
don,151.8619,152.0269
t,152.0269,152.0769
blame,152.0769,152.3069
them,152.3069,152.5768
children,153.1254,153.5604
should,153.5604,153.7404
be,153.7404,153.8704
forgiving,153.8704,154.3904
towards,154.3904,154.7504
the,154.7504,154.8104
grownups,154.8104,155.4091
but,156.0027,156.4377
of,156.4377,156.5277
course,156.5277,156.9877
those,156.9877,157.4577
of,157.4577,157.5477
us,157.5477,157.7277
who,157.7277,157.8277
understand,157.8277,158.5777
life,158.5777,158.9418
we,159.3458,159.4608
don,159.4608,159.6408
t,159.6408,159.6708
much,159.6708,159.8908
care,159.8908,160.1608
for,160.1608,160.2908
numbers,160.2908,160.8605
i,161.5489,161.6539
d,161.6539,161.7739
have,161.7739,161.8739
liked,161.8739,162.0539
to,162.0539,162.1539
begin,162.1539,162.4939
this,162.4939,162.6639
story,162.6639,163.1139
in,163.1139,163.2539
the,163.2539,163.3139
same,163.3139,163.7039
way,163.7039,163.8339
as,163.8339,163.9639
a,163.9639,163.9939
fairy,163.9939,164.4239
tale,164.4239,164.7484
i,165.2572,165.3522
d,165.3522,165.3822
have,165.3822,165.4922
liked,165.4922,165.7622
to,165.7622,165.8522
say,165.8522,166.2871
once,166.5913,166.9563
upon,166.9563,167.1663
a,167.1663,167.2063
time,167.2063,167.7263
there,167.7263,167.9063
was,167.9063,168.0763
a,168.0763,168.1263
little,168.1263,168.3663
prince,168.3663,168.8863
who,168.8863,168.9663
lived,168.9663,169.2763
on,169.2763,169.3863
a,169.3863,169.4363
planet,169.4363,169.9463
not,169.9463,170.1963
much,170.1963,170.4963
bigger,170.4963,170.7863
than,170.7863,170.9063
himself,170.9063,171.46900000000005
and,171.7833,171.9383
who,171.9383,172.0283
needed,172.0283,172.3383
a,172.3383,172.3783
friend,172.3783,172.9127
for,173.5662,173.7112
those,173.7112,174.1712
who,174.1712,174.2712
understand,174.2712,174.9712
life,174.9712,175.4307
it,175.7698,175.8748
would,175.8748,175.9848
have,175.9848,176.0748
seemed,176.0748,176.4948
much,176.4948,176.8148
more,176.8148,177.0448
natural,177.0448,177.5345
for,178.0881,178.1831
i,178.1831,178.3231
don,178.3231,178.5731
t,178.5731,178.6031
want,178.6031,178.7731
my,178.7731,178.9431
book,178.9431,179.2831
to,179.2831,179.3731
be,179.3731,179.5131
read,179.5131,179.8331
lightly,179.8331,180.2873
i,180.8559,180.9709
feel,180.9709,181.2109
so,181.2109,181.4109
much,181.4109,181.7309
sadness,181.7309,182.2309
in,182.2309,182.3109
recounting,182.3109,182.9209
these,182.9209,183.1409
memories,183.1409,183.7105
it,184.1095,184.2245
s,184.2245,184.2645
already,184.2645,184.6945
been,184.6945,184.9345
six,184.9345,185.3445
years,185.3445,185.6945
since,185.6945,186.0145
my,186.0145,186.1845
friend,186.1845,186.6045
left,186.6045,186.9145
with,186.9145,187.0445
his,187.0445,187.2045
sheep,187.2045,187.6184
if,188.4963,188.6513
i,188.6513,188.7813
try,188.7813,189.0313
to,189.0313,189.1413
describe,189.1413,189.6213
him,189.6213,189.7913
here,189.7913,190.1361
it,190.5301,190.6651
s,190.6651,190.6951
so,190.6951,190.7851
as,190.7851,190.9251
not,190.9251,191.1451
to,191.1451,191.2451
forget,191.2451,191.5851
him,191.5851,191.8749
it,192.5482,192.6832
s,192.6832,192.7132
sad,192.7132,192.9832
to,192.9832,193.0832
forget,193.0832,193.4032
a,193.4032,193.4432
friend,193.4432,193.9176
not,194.5062,194.7112
everyone,194.7112,195.1412
has,195.1412,195.3112
had,195.3112,195.5112
a,195.5112,195.5512
friend,195.5512,196.0309
and,196.5496,196.6846
if,196.6846,196.8146
i,196.8146,196.9546
forgot,196.9546,197.3346
him,197.3346,197.6245
i,198.0634,198.1484
could,198.1484,198.3384
become,198.3384,198.7184
like,198.7184,198.9184
the,198.9184,198.9984
grownups,198.9984,199.7676
who,199.9521,200.0271
are,200.0271,200.1171
only,200.1171,200.5771
interested,200.5771,201.0871
in,201.0871,201.2771
numbers,201.2771,201.8619
so,202.7649,203.1399
that,203.1399,203.4199
s,203.4199,203.4899
why,203.4899,203.6999
i,203.6999,203.8099
have,203.8099,203.9699
again,203.9699,204.4099
bought,204.4099,204.7199
a,204.7199,204.7799
box,204.7799,205.1399
of,205.1399,205.2199
paints,205.2199,205.7299
and,205.7299,205.8199
some,205.8199,206.0099
pencils,206.0099,206.6636
it,207.3519,207.4369
s,207.4369,207.4969
hard,207.4969,207.7569
to,207.7569,207.8369
take,207.8369,208.1169
up,208.1169,208.2969
drawing,208.2969,208.6269
again,208.6269,208.9269
at,208.9269,209.0469
my,209.0469,209.2969
age,209.2969,209.6711
when,210.0252,210.1502
i,210.1502,210.2702
have,210.2702,210.4102
only,210.4102,210.7802
ever,210.7802,210.9902
attempted,210.9902,211.4902
to,211.4902,211.5802
draw,211.5802,211.8502
a,211.8502,211.9002
boa,211.9002,212.2102
constrictor,212.2102,212.9302
closed,212.9302,213.5302
and,213.5302,213.6902
open,213.6902,214.0102
at,214.0102,214.1102
the,214.1102,214.2302
age,214.2302,214.4502
of,214.4502,214.5202
six,214.5202,215.0329
i,215.7662,215.8912
ll,215.8912,215.9712
try,215.9712,216.3012
of,216.3012,216.3812
course,216.3812,216.8012
to,216.8012,216.9112
make,216.9112,217.1212
my,217.1212,217.3112
portraits,217.3112,217.9012
as,217.9012,218.0412
lifelike,218.0412,218.6012
as,218.6012,218.7312
possible,218.7312,219.2698
but,219.8783,220.0233
i,220.0233,220.1033
m,220.1033,220.1633
not,220.1633,220.3933
quite,220.3933,220.7133
sure,220.7133,221.0233
i,221.0233,221.0633
ll,221.0633,221.1733
succeed,221.1733,221.7827
some,222.4412,222.6662
drawings,222.6662,223.1162
go,223.1162,223.2962
alright,223.2962,223.8659
others,224.3448,224.7398
don,224.7398,224.9398
t,224.9398,224.9698
look,224.9698,225.1698
like,225.1698,225.3598
their,225.3598,225.4898
subjects,225.4898,226.1589
i,226.997,227.032
also,227.032,227.632
get,227.632,227.832
the,227.832,227.90200000000002
size,227.90200000000002,228.342
a,228.342,228.392
bit,228.392,228.642
wrong,228.642,228.9312
here,229.6595,229.9445
the,229.9445,230.0645
little,230.0645,230.3045
prince,230.3045,230.6545
is,230.6545,230.7945
too,230.7945,230.9845
big,230.9845,231.3739
there,231.6681,231.9731
he,231.9731,232.1931
s,232.1931,232.2931
too,232.2931,232.4531
small,232.4531,232.923
i,233.7311,233.8161
m,233.8161,233.8861
also,233.8861,234.2561
not,234.2561,234.5361
sure,234.5361,234.8461
about,234.8461,235.0761
the,235.0761,235.1461
colour,235.1461,235.5061
of,235.5061,235.5861
his,235.5861,235.7461
outfit,235.7461,236.2852
so,236.8788,237.1738
i,237.1738,237.3538
fumble,237.3538,237.7838
along,237.7838,238.1838
somehow,238.1838,238.6938
as,238.6938,238.8338
best,238.8338,239.1638
i,239.1638,239.2838
can,239.2838,239.7083
i,240.3967,240.5117
will,240.5117,240.6517
make,240.6517,240.9017
mistakes,240.9017,241.4517
on,241.4517,241.5717
certain,241.5717,241.9617
important,241.9617,242.5417
points,242.5417,243.0517
too,243.0517,243.3856
but,243.9443,244.0693
you,244.0693,244.1393
ll,244.1393,244.1993
have,244.1993,244.3293
to,244.3293,244.4593
forgive,244.4593,244.7993
me,244.7993,244.9993
that,244.9993,245.3837
my,245.8725,246.0275
friend,246.0275,246.4275
never,246.4275,246.7375
gave,246.7375,247.0275
explanations,247.0275,247.9871
perhaps,248.4909,248.9159
he,248.9159,249.0359
thought,249.0359,249.2459
i,249.2459,249.3259
was,249.3259,249.5059
just,249.5059,249.7259
like,249.7259,249.8759
himself,249.8759,250.3655
but,251.2434,251.4384
i,251.4384,251.6184
unfortunately,251.6184,252.7284
don,252.7284,252.9284
t,252.9284,252.9584
know,252.9584,253.0884
how,253.0884,253.2684
to,253.2684,253.3784
see,253.3784,253.6984
sheep,253.6984,254.0284
through,254.0284,254.2584
boxes,254.2584,254.9021
perhaps,255.5306,255.9256
i,255.9256,255.9856
m,255.9856,256.0356
a,256.0356,256.1156
bit,256.1156,256.3956
like,256.3956,256.5756
the,256.5756,256.6356
grownups,256.6356,257.2097
i,257.7934,257.8784
must,257.8784,258.1384
have,258.1384,258.2484
got,258.2484,258.5284
older,258.5284,258.8731
every,260.1949,260.5499
day,260.5499,260.8599
i,260.8599,260.9799
d,260.9799,261.0799
learn,261.0799,261.3399
something,261.3399,261.7899
about,261.7899,262.0299
his,262.0299,262.1999
planet,262.1999,262.7999
the,262.7999,262.9099
departure,262.9099,263.5999
and,263.5999,263.7799
the,263.7799,263.8399
trip,263.8399,264.2383
the,265.0762,265.1912
information,265.1912,265.8612
came,265.8612,266.1012
slowly,266.1012,266.7112
as,266.7112,266.8012
his,266.8012,267.0212
thoughts,267.0212,267.4412
wandered,267.4412,267.9809
it,268.8039,268.9089
was,268.9089,269.0889
in,269.0889,269.3089
this,269.3089,269.5489
way,269.5489,269.8289
that,269.8289,270.1989
on,270.1989,270.3089
the,270.3089,270.3889
third,270.3889,270.7789
day,270.7789,271.0789
i,271.0789,271.5289
came,271.5289,271.8489
to,271.8489,271.9789
know,271.9789,272.0489
of,272.0489,272.3389
the,272.3389,272.4389
tragedy,272.4389,273.0889
of,273.0889,273.1689
the,273.1689,273.2589
baobabs,273.2589,273.9966
this,274.7149,275.0199
time,275.0199,275.3799
again,275.3799,275.8399
it,275.8399,275.9499
was,275.9499,276.0899
thanks,276.0899,276.3899
to,276.3899,276.4899
the,276.4899,276.5599
sheep,276.5599,276.9745
because,277.4184,277.6934
the,277.6934,277.7834
little,277.7834,278.0334
prince,278.0334,278.5134
asked,278.5134,278.7934
me,278.7934,278.9234
abruptly,278.9234,279.9434
as,279.9434,280.0334
if,280.0334,280.1634
seized,280.1634,280.6934
by,280.6934,280.8734
a,280.8734,280.9134
grave,280.9134,281.3434
doubt,281.3434,281.7864
it,282.6344,282.7894
s,282.7894,282.9094
true,282.9094,283.3394
isn,283.3394,283.6294
t,283.6294,283.7094
it,283.7094,283.8792
that,284.0886,284.3236
sheep,284.3236,284.7636
eat,284.7636,284.9236
shrubs,284.9236,285.6231
yes,286.2616,286.7666
it,286.8266,286.9766
s,286.9766,287.0166
true,287.0166,287.3261
oh,288.0743,288.2393
i,288.2393,288.3393
am,288.3393,288.5693
glad,288.5693,288.9443
i,289.8372,289.9422
didn,289.9422,290.1922
t,290.1922,290.2422
understand,290.2422,290.9122
why,290.9122,291.0922
it,291.0922,291.1522
was,291.1522,291.3422
so,291.3422,291.5322
important,291.5322,292.0922
that,292.0922,292.2322
sheep,292.2322,292.6622
eat,292.6622,292.8022
shrubs,292.8022,293.3912
but,293.8801,294.0151
the,294.0151,294.0951
little,294.0951,294.3451
prince,294.3451,294.7251
added,294.7251,295.0848
then,295.7781,295.9031
it,295.9031,296.1631
follows,296.1631,296.6531
they,296.6531,296.8031
also,296.8031,297.2631
eat,297.2631,297.4631
baobabs,297.4631,298.3074
i,299.1504,299.2754
pointed,299.2754,299.7054
out,299.7054,299.9054
to,299.9054,300.0154
the,300.0154,300.1254
little,300.1254,300.3554
prince,300.3554,300.8154
that,300.8154,301.0454
baobabs,301.0454,301.7054
were,301.7054,301.7754
not,301.7754,302.1354
shrubs,302.1354,302.8954
but,302.8954,303.1854
trees,303.1854,303.7854
as,303.7854,303.9954
big,303.9954,304.2154
as,304.2154,304.4554
churches,304.4554,305.4854
and,305.4854,305.7754
that,305.7754,305.8954
even,305.8954,306.1054
if,306.1054,306.2354
he,306.2354,306.3754
took,306.3754,306.5854
with,306.5854,306.7454
him,306.7454,306.8654
a,306.8654,306.9154
whole,306.9154,307.3954
herd,307.3954,307.8854
of,307.8854,307.9754
elephants,307.9754,308.8754
the,308.8754,309.0854
herd,309.0854,309.4354
wouldn,309.4354,309.7454
t,309.7454,309.7754
manage,309.7754,310.2154
to,310.2154,310.3454
eat,310.3454,310.5554
up,310.5554,310.7354
one,310.7354,311.0754
single,311.0754,311.7954
baobab,311.7954,312.4532
the,313.3012,313.4262
idea,313.4262,313.7962
of,313.7962,314.0262
the,314.0262,314.1062
herd,314.1062,314.3762
of,314.3762,314.4662
elephants,314.4662,315.0162
made,315.0162,315.2362
the,315.2362,315.3262
little,315.3262,315.5662
prince,315.5662,316.0462
laugh,316.0462,316.4555
they,317.0541,317.1691
d,317.1691,317.1991
have,317.1991,317.3791
to,317.3791,317.5091
be,317.5091,317.7091
piled,317.7091,318.1791
up,318.1791,318.3591
on,318.3591,318.5391
top,318.5391,318.7391
of,318.7391,318.8791
each,318.8791,319.1591
other,319.1591,319.4931
but,320.4059,320.5309
he,320.5309,320.6509
remarked,320.6509,321.1309
wisely,321.1309,321.6708
the,322.2942,322.3592
baobab,322.3592,323.0492
trees,323.0492,323.5092
before,323.5092,323.8992
they,323.8992,324.0392
grow,324.0392,324.3992
up,324.3992,324.7492
start,324.7492,325.2092
off,325.2092,325.3992
small,325.3992,325.9174
that,326.6357,326.8407
s,326.8407,326.9407
right,326.9407,327.2955
but,327.9739,328.1589
why,328.1589,328.5489
do,328.5489,328.6189
you,328.6189,328.7189
want,328.7189,328.9289
the,328.9289,329.0189
sheep,329.0189,329.3489
to,329.3489,329.5289
eat,329.5289,329.6889
the,329.6889,329.7889
little,329.7889,330.0389
baobabs,330.0389,330.7778
he,331.5061,331.5711
replied,331.5711,332.0809
oh,332.2804,332.6554
come,332.6554,333.0154
on,333.0154,333.4097
as,333.7988,333.9438
if,333.9438,334.0838
it,334.0838,334.1838
were,334.1838,334.3738
obvious,334.3738,334.9136
and,335.1979,335.4829
it,335.4829,335.6129
took,335.6129,335.9029
me,335.9029,336.0529
a,336.0529,336.0829
great,336.0829,336.5529
mental,336.5529,337.1429
effort,337.1429,337.6229
to,337.6229,337.7929
understand,337.7929,338.4729
this,338.4729,338.6729
problem,338.6729,339.1129
on,339.1129,339.2329
my,339.2329,339.5229
own,339.5229,339.7761
without,339.9805,340.3955
any,340.3955,340.6655
help,340.6655,341.0301
and,341.6137,341.9787
indeed,341.9787,342.5034
on,342.9722,343.1472
the,343.1472,343.2272
planet,343.2272,343.6972
of,343.6972,343.7872
the,343.7872,343.8872
little,343.8872,344.1472
prince,344.1472,344.7072
there,344.7072,344.8272
were,344.8272,344.8872
like,344.8872,345.1372
on,345.1372,345.2772
all,345.2772,345.9872
planets,345.9872,346.5559
both,346.9349,347.3399
good,347.3399,347.4897
plants,347.7091,348.0941
and,348.0941,348.2741
bad,348.2741,348.5541
plants,348.5541,349.0884
and,349.4974,349.7224
therefore,349.7224,350.457
both,350.6564,351.0214
good,351.0214,351.2514
seeds,351.2514,351.7714
from,351.7714,351.9814
good,351.9814,352.2314
plants,352.2314,352.8314
and,352.8314,352.9814
bad,352.9814,353.3814
seeds,353.3814,353.8114
from,353.8114,354.0014
bad,354.0014,354.2914
plants,354.2914,354.8541
but,355.4127,355.6077
seeds,355.6077,356.0277
are,356.0277,356.0977
invisible,356.0977,356.7274
they,357.2811,357.4161
sleep,357.4161,357.8761
secretly,357.8761,358.6061
deep,358.6061,358.9361
in,358.9361,359.0161
the,359.0161,359.1561
earth,359.1561,359.53
until,359.7344,360.4394
on,360.4394,360.5294
a,360.5294,360.5894
whim,360.5894,361.0542
one,361.3385,361.5335
of,361.5335,361.6835
them,361.6835,361.8235
decides,361.8235,362.3435
to,362.3435,362.4335
wake,362.4335,362.8835
up,362.8835,363.0529
then,363.5518,363.8568
it,363.8568,363.9868
elongates,363.9868,364.8968
and,364.8968,365.0568
grows,365.0568,365.6368
timidly,365.6368,366.1068
at,366.1068,366.2468
first,366.2468,366.6359
toward,366.9102,367.1252
the,367.1252,367.2252
sun,367.2252,367.6651
a,368.0391,368.0841
charming,368.0841,368.7441
little,368.7441,369.0441
harmless,369.0441,369.6741
sprig,369.6741,370.1986
if,370.8969,371.0219
it,371.0219,371.1519
s,371.1519,371.1819
a,371.1819,371.2119
sprig,371.2119,371.5619
of,371.5619,371.7219
radish,371.7219,372.3119
or,372.3119,372.5219
rose,372.5219,372.9319
bush,372.9319,373.1919
you,373.1919,373.2819
can,373.2819,373.4019
let,373.4019,373.5719
it,373.5719,373.6519
grow,373.6519,373.8819
as,373.8819,373.9919
it,373.9919,374.1419
likes,374.1419,374.5607
but,375.1444,375.2594
if,375.2594,375.3894
it,375.3894,375.5194
s,375.5194,375.5594
a,375.5594,375.6394
bad,375.6394,376.1094
plant,376.1094,376.6134
one,376.9675,377.1925
must,377.1925,377.5625
pull,377.5625,377.9025
the,377.9025,377.9825
plant,377.9825,378.4325
out,378.4325,378.6325
straight,378.6325,379.0625
away,379.0625,379.4765
as,379.7009,379.8359
soon,379.8359,380.0359
as,380.0359,380.1959
it,380.1959,380.2859
can,380.2859,380.4059
be,380.4059,380.5259
recognised,380.5259,381.2354
now,382.288,382.51300000000003
there,382.51300000000003,382.69300000000004
were,382.69300000000004,382.793
some,382.793,383.01300000000003
terrible,383.01300000000003,383.61300000000006
seeds,383.61300000000006,384.033
on,384.033,384.12300000000016
the,384.12300000000016,384.19300000000004
planet,384.19300000000004,384.64300000000003
of,384.64300000000003,384.75300000000004
the,384.75300000000004,384.82300000000004
little,384.82300000000004,385.07300000000004
prince,385.07300000000004,385.6071
there,386.1757,386.3407
were,386.3407,386.4407
the,386.4407,386.5507
seeds,386.5507,387.0307
of,387.0307,387.1707
baobab,387.3553,387.9103
trees,387.9103,388.5047
the,389.1132,389.1782
soil,389.1782,389.5382
of,389.5382,389.6382
the,389.6382,389.7282
planet,389.7282,390.2082
was,390.2082,390.3382
infested,390.3382,391.0082
with,391.0082,391.2082
them,391.2082,391.4273
a,392.2703,392.3453
baobab,392.3453,393.1349
if,393.4391,393.5641
you,393.5641,393.6741
get,393.6741,393.9741
to,393.9741,394.1241
it,394.1241,394.2641
too,394.2641,394.7041
late,394.7041,395.0783
can,395.3926,395.6176
never,395.6176,395.9276
be,395.9276,396.0676
got,396.0676,396.3276
rid,396.3276,396.4976
of,396.4976,396.6623
it,397.2459,397.3809
takes,397.3809,397.8209
over,397.8209,398.0909
the,398.0909,398.2309
entire,398.2309,398.8209
planet,398.8209,399.3799
it,399.3799,399.9837
pierces,399.9837,400.4487
it,400.4487,400.6087
with,400.6087,400.7287
its,400.7287,400.9287
roots,400.9287,401.4332
and,401.7823,402.1973
if,402.1973,402.4073
the,402.4073,402.4873
planet,402.4873,402.9173
is,402.9173,403.1373
too,403.1373,403.3573
small,403.3573,404.0062
and,404.3553,404.5003
if,404.5003,404.6803
there,404.6803,404.7803
are,404.7803,404.8403
too,404.8403,405.1403
many,405.1403,405.4103
baobabs,405.4103,406.1697
they,406.5438,406.6488
shatter,406.6488,407.1788
it,407.1788,407.2588
to,407.2588,407.3488
pieces,407.3488,408.0283
it,408.9012,409.0562
s,409.0562,409.1262
a,409.1262,409.1662
matter,409.1662,409.5862
of,409.5862,409.7762
discipline,409.7762,410.4504
the,410.7896,410.8746
little,410.8746,411.1246
prince,411.1246,411.5346
told,411.5346,411.8246
me,411.8246,411.9846
later,411.9846,412.4139
after,412.8578,413.1628
grooming,413.1628,413.6228
oneself,413.6228,414.2128
in,414.2128,414.2928
the,414.2928,414.3828
morning,414.3828,414.8328
the,414.8328,415.2728
planet,415.2728,415.8928
must,415.8928,416.1928
be,416.1928,416.3028
carefully,416.3028,416.8428
groomed,416.8428,417.3551
you,417.9088,418.0438
must,418.0438,418.4238
see,418.4238,418.6638
to,418.6638,418.8638
it,418.8638,418.9838
that,418.9838,419.1738
you,419.1738,419.2938
regularly,419.2938,419.8438
pull,419.8438,420.1638
out,420.1638,420.3638
the,420.3638,420.5038
baobabs,420.5038,421.2538
as,421.2538,421.3738
soon,421.3738,421.6038
as,421.6038,421.7738
they,421.7738,421.8638
can,421.8638,422.0338
be,422.0338,422.1638
told,422.1638,422.4938
apart,422.4938,422.8938
from,422.8938,423.0738
the,423.0738,423.2538
rose,423.2538,423.5238
bushes,423.5238,423.9863
to,424.2656,424.3506
which,424.3506,424.6206
they,424.6206,424.7706
look,424.7706,425.0406
very,425.0406,425.3406
similar,425.3406,425.8506
when,425.8506,426.0106
they,426.0106,426.0806
re,426.0806,426.1406
very,426.1406,426.5206
young,426.5206,426.8547
it,427.583,427.68800000000016
s,427.68800000000016,427.728
a,427.728,427.75800000000004
very,427.75800000000004,428.06800000000004
boring,428.06800000000004,428.61800000000005
job,428.61800000000005,429.0324
but,429.3466,429.4616
very,429.4616,429.8116
easy,429.8116,430.3014
and,431.3939,431.6089
one,431.6089,431.9189
day,431.9189,432.1889
he,432.1889,432.3489
suggested,432.3489,432.9389
that,432.9389,433.1189
i,433.1189,433.2789
apply,433.2789,433.6089
myself,433.6089,434.1189
to,434.1189,434.2689
making,434.2689,434.6089
a,434.6089,434.7189
beautiful,434.7189,435.2689
drawing,435.2689,435.7729
so,435.9674,436.3224
that,436.3224,436.4924
the,436.4924,436.5924
children,436.5924,437.0924
from,437.0924,437.2724
where,437.2724,437.4724
i,437.4724,437.6024
come,437.6024,437.9624
from,437.9624,437.9624
would,437.9624,438.1324
understand,438.1324,438.7624
all,438.7624,438.9424
this,438.9424,439.3314
if,440.0897,440.3047
one,440.3047,440.5547
day,440.5547,440.7547
they,440.7547,440.9147
travel,440.9147,441.5191
he,441.7535,441.8485
said,441.8485,442.0685
to,442.0685,442.2185
me,442.2185,442.3885
it,442.3885,442.7885
could,442.7885,443.1385
come,443.1385,443.3885
in,443.3885,443.5385
useful,443.5385,444.0819
sometimes,444.5358,445.3808
there,445.3808,445.5208
s,445.5208,445.5808
no,445.5808,445.7908
harm,445.7908,446.0708
in,446.0708,446.1808
postponing,446.1808,446.8908
one,446.8908,447.0708
s,447.0708,447.1808
work,447.1808,447.5449
but,448.0287,448.1337
in,448.1337,448.2337
the,448.2337,448.3237
case,448.3237,448.6437
of,448.6437,449.1137
baobabs,449.1137,449.5137
that,449.5137,449.8237
always,449.8237,450.3437
leads,450.3437,450.6437
to,450.6437,450.7437
a,450.7437,450.7737
catastrophe,450.7737,451.6119
i,452.3052,452.3802
used,452.3802,452.7202
to,452.7202,452.7902
know,452.7902,452.9702
a,452.9702,453.0302
planet,453.0302,453.5002
inhabited,453.5002,454.1202
by,454.1202,454.4202
a,454.4202,454.4702
lazy,454.4702,454.9202
man,454.9202,455.3698
he,455.9583,456.0733
had,456.0733,456.2833
neglected,456.2833,456.9033
three,456.9033,457.4433
little,457.4433,457.8133
bushes,457.8133,458.4274
and,459.1757,459.5007
based,459.5007,459.9107
on,459.9107,460.0307
what,460.0307,460.1707
the,460.1707,460.2607
little,460.2607,460.5007
prince,460.5007,460.9307
told,460.9307,461.2807
me,461.2807,461.4599
i,461.8788,462.0238
drew,462.0238,462.3138
this,462.3138,462.5538
planet,462.5538,463.0634
i,463.6919,463.7869
don,463.7869,463.9869
t,463.9869,464.0169
like,464.0169,464.1769
to,464.1769,464.2569
sound,464.2569,464.5869
like,464.5869,464.7569
a,464.7569,464.7969
moralist,464.7969,465.4616
but,465.9255,466.0505
the,466.0505,466.1205
danger,466.1205,466.5805
of,466.5805,466.7005
the,466.7005,466.7905
baobabs,466.7905,467.4105
is,467.4105,467.5205
so,467.5205,467.7205
little,467.7205,468.1305
understood,468.1305,468.8346
and,469.1937,469.4587
the,469.4587,469.5787
risks,469.5787,469.9587
run,469.9587,470.1687
by,470.1687,470.3087
anyone,470.3087,470.8587
who,470.8587,471.0487
might,471.0487,471.2787
get,471.2787,471.4987
lost,471.4987,471.8787
on,471.8787,471.9387
an,471.9387,472.0487
asteroid,472.0487,472.8279
are,473.1321,473.2271
so,473.2271,473.4571
large,473.4571,474.0871
that,474.0871,474.3871
for,474.3871,474.5271
once,474.5271,474.9215
i,475.3056,475.3906
am,475.3906,475.5106
breaking,475.5106,475.9206
my,475.9206,476.0606
normal,476.0606,476.4606
reserve,476.4606,476.8804
i,477.4391,477.5741
say,477.5741,477.9391
children,478.3631,478.7931
beware,479.25199999999995,479.73699999999997
of,479.73699999999997,479.847
baobabs,479.847,480.6414
it,481.3947,481.5297
s,481.5297,481.5897
to,481.5897,481.6897
warn,481.6897,481.9397
my,481.9397,482.1597
friends,482.1597,482.5497
of,482.5497,482.6497
the,482.6497,482.7297
danger,482.7297,483.2397
they,483.2397,483.3597
ve,483.3597,483.5097
long,483.5097,483.6697
been,483.6697,483.8497
skirting,483.8497,484.5339
like,484.7384,484.9034
myself,484.9034,485.4434
without,485.4434,485.7334
knowing,485.7334,486.0634
it,486.0634,486.7234
that,486.7234,486.8934
i,486.8934,486.9634
have,486.9634,487.1334
worked,487.1334,487.4334
so,487.4334,487.7534
hard,487.7534,488.0934
on,488.0934,488.2134
this,488.2134,488.4134
drawing,488.4134,488.8364
the,489.6096,489.7446
lesson,489.7446,490.1346
which,490.1346,490.3346
i,490.3346,490.4446
pass,490.4446,490.9046
on,490.9046,491.0946
by,491.0946,491.2846
this,491.2846,491.5246
means,491.5246,491.9946
was,491.9946,492.1946
worth,492.1946,492.4746
the,492.4746,492.6546
effort,492.6546,493.0337
you,493.73699999999997,493.842
might,493.842,494.06199999999995
be,494.06199999999995,494.19199999999995
wondering,494.19199999999995,494.7068
why,495.3253,495.5403
is,495.5403,495.7903
it,495.7903,495.9203
that,495.9203,496.0603
in,496.0603,496.1803
this,496.1803,496.5203
book,496.5203,496.7903
there,496.7903,496.9103
aren,496.9103,497.1003
t,497.1003,497.1603
any,497.1603,497.3603
other,497.3603,497.5703
drawings,497.5703,498.0603
as,498.0603,498.2003
impressive,498.2003,498.8003
as,498.8003,498.9303
the,498.9303,499.0103
drawing,499.0103,499.4003
of,499.4003,499.5003
the,499.5003,499.6003
baobabs,499.6003,500.3688
the,500.9174,500.9824
answer,500.9824,501.3424
is,501.3424,501.4524
simple,501.4524,501.9023
i,502.4309,502.5259
tried,502.5259,502.9659
but,502.9659,503.1059
i,503.1059,503.2059
couldn,503.2059,503.4359
t,503.4359,503.5159
succeed,503.5159,504.0504
when,504.6291,504.9341
i,504.9341,505.0441
drew,505.0441,505.2741
the,505.2741,505.3941
baobabs,505.3941,506.2183
i,506.5924,506.6574
was,506.6574,506.8274
spurred,506.8274,507.3274
on,507.3274,507.5374
by,507.5374,507.6774
a,507.6774,507.7774
sense,507.7774,508.1174
of,508.1174,508.1974
urgency,508.1974,508.8921
oh,510.0649,510.1799
little,510.1799,510.5099
prince,510.5099,511.0446
i,511.2341,511.3691
came,511.3691,511.7191
to,511.7191,511.8791
understand,511.8791,512.6491
gradually,512.6491,513.3091
in,513.3091,513.5491
this,513.5491,513.8491
way,513.8491,514.1191
your,514.1191,514.3591
sad,514.3591,514.8691
life,514.8691,515.2287
for,516.5356,516.7506
a,516.7506,516.8706
long,516.8706,517.2306
time,517.2306,517.6006
your,517.6006,517.9306
only,517.9306,518.3406
entertainment,518.3406,519.2706
was,519.2706,519.4406
the,519.4406,519.5306
softness,519.5306,520.2506
of,520.2506,520.3306
the,520.3306,520.4206
sunsets,520.4206,521.1847
i,521.898,522.073
learned,522.073,522.433
this,522.433,522.743
new,522.743,522.933
detail,522.933,523.453
on,523.453,523.5830000000002
the,523.5830000000002,523.663
fourth,523.663,524.133
day,524.133,524.3330000000002
in,524.3330000000002,524.453
the,524.453,524.513
morning,524.513,524.9730000000002
when,524.9730000000002,525.493
you,525.493,525.623
said,525.623,525.923
to,525.923,526.0830000000002
me,526.0830000000002,526.337
i,526.8607,526.9357
m,526.9357,526.9957
very,526.9957,527.2957
fond,527.2957,527.6657
of,527.6657,527.7457
sunsets,527.7457,528.6353
let,528.8947,529.0797
s,529.0797,529.1797
go,529.1797,529.3197
and,529.3197,529.4597
see,529.4597,529.6397
a,529.6397,529.6697
sunset,529.6697,530.2197
now,530.2197,530.6042
but,531.3325,531.5275
we,531.5275,531.6575
have,531.6575,531.9275
to,531.9275,532.0475
wait,532.0475,532.4921
wait,533.2903,533.5453
for,533.5453,533.7553
what,533.7553,534.2049
wait,534.9831,535.2481
until,535.2481,535.5781
the,535.5781,535.6481
sun,535.6481,535.9481
goes,535.9481,536.2881
down,536.2881,536.5880000000002
you,537.8002,537.9152
seemed,537.9152,538.3052
surprised,538.3052,538.9952
at,538.9952,539.1152
first,539.1152,539.6494
and,539.8639,540.0489
then,540.0489,540.2089
you,540.2089,540.3389
chuckled,540.3389,540.8389
at,540.8389,540.9789
yourself,540.9789,541.4889
and,541.6289,541.7289
you,541.7289,541.7889
said,541.7889,542.1135
i,542.732,542.857
think,542.857,543.107
myself,543.107,543.547
at,543.547,543.687
home,543.687,543.8969999999998
still,543.8969999999998,544.3566
indeed,545.1248,545.6648
when,546.0239,546.4289
it,546.4289,546.5789
s,546.5789,546.6289
noon,546.6289,546.8789
in,546.8789,546.9889
the,546.9889,547.0589
united,547.0589,547.5989
states,547.5989,548.4489
the,548.4489,548.5589
sun,548.5589,549.0389
everybody,549.0389,549.6189
knows,549.6189,550.0889
is,550.0889,550.1889
setting,550.1889,550.5289
over,550.5289,550.7789
france,550.7789,551.3628
it,552.1259,552.3009
would,552.3009,552.4509
suffice,552.4509,553.0109
to,553.0109,553.1309
be,553.1309,553.2609
able,553.2609,553.5609
to,553.5609,553.7009
go,553.7009,553.9809
to,553.9809,554.1309
france,554.1309,554.6409
in,554.6409,554.7509
one,554.7509,555.0609
minute,555.0609,555.5109
to,555.5109,555.6509
be,555.6509,555.8109
able,555.8109,556.0609
to,556.0609,556.1609
see,556.1609,556.4109
a,556.4109,556.4409
sunset,556.4409,557.0649
unfortunately,557.7532,558.6382
france,558.6382,559.0982
is,559.0982,559.2782
much,559.2782,559.6882
too,559.6882,559.9082
far,559.9082,560.2282
away,560.2282,560.6677
but,561.2812,561.4262
on,561.4262,561.6262
your,561.6262,561.8962
tiny,561.8962,562.3362
planet,562.3362,562.8559
all,563.2699,563.4249
you,563.4249,563.6549
needed,563.6549,564.0749
was,564.0749,564.2649
to,564.2649,564.3649
move,564.3649,564.6549
your,564.6549,564.8649
chair,564.8649,565.2249
a,565.2249,565.2549
few,565.2549,565.4749
steps,565.4749,566.1092
and,566.4833,566.6483
you,566.6483,566.7983
watched,566.7983,567.2183
the,567.2183,567.2783
twilight,567.2783,567.9183
falling,567.9183,568.3483
whenever,568.3483,568.6583
you,568.6583,568.9083
liked,568.9083,569.2925
one,570.3351,570.6001
day,570.6001,570.7801
i,570.7801,570.8901
saw,570.8901,571.1401
the,571.1401,571.2401
sunset,571.2401,571.8301
forty,571.8301,572.2001
four,572.2001,572.4401
times,572.4401,573.0746
and,573.8029,573.9779
a,573.9779,574.0379
little,574.0379,574.3579
later,574.3579,574.6679
you,574.6679,574.8879
added,574.8879,575.2579
you,575.9313,576.0763
know,576.0763,576.3813
you,577.0197,577.1847
love,577.1847,577.5247
the,577.5247,577.6147
sunset,577.6147,578.2547
when,578.2547,578.4047
you,578.4047,578.5247
re,578.5247,578.6747
really,578.6747,579.0847
sad,579.0847,579.6296
the,580.712,580.837
day,580.837,581.137
you,581.137,581.317
saw,581.317,581.637
it,581.637,581.807
forty,581.807,582.177
four,582.177,582.427
times,582.427,583.0966
were,583.3559,583.4709
you,583.4709,583.7009
were,583.7009,583.7609
really,583.7609,584.1209
that,584.1209,584.3809
sad,584.3809,584.7609
then,584.7609,585.1257
but,586.0186,586.1136
the,586.1136,586.2136
little,586.2136,586.4636
prince,586.4636,586.8636
made,586.8636,587.0436
no,587.0436,587.2536
reply,587.2536,587.7378
