onsets,offsets,word
3.06,3.08,le
3.27,3.65,cinquième
3.71,4.0,jour
4.0,4.4,","
4.4,4.76,toujours
4.82,5.03,grâce
5.09,5.14,au
5.21,5.52,mouton
5.52,5.96,","
5.96,6.08,ce
6.14,6.51,secret
6.57,6.64,de
6.7,6.8,la
6.86,7.0,vie
7.06,7.12,du
7.18,7.41,petit
7.48,7.91,prince
7.97,8.06,me
8.06,8.29,fut
8.29,8.87,révélé
8.87,9.65,.
9.65,9.89,il
9.89,10.06,me
10.13,10.68,demanda
10.68,10.92,avec
10.92,11.62,brusquerie
11.62,11.81,","
11.81,12.09,sans
12.09,12.78,préambule
12.78,12.98,","
12.98,13.2,comme
13.2,13.4,le
13.4,13.7,fruit
13.7,13.76,d'
13.76,13.88,un
13.88,14.38,problème
14.38,14.95,longtemps
14.95,15.49,médité
15.49,15.6,en
15.6,16.35,silence
16.35,17.17,:
17.17,17.17,""""
17.17,17.28,un
17.28,17.67,mouton
17.67,17.9,","
17.9,18.03,s'
18.03,18.15,il
18.15,18.41,mange
18.41,18.54,les
18.54,19.1,arbustes
19.1,19.44,","
19.44,19.61,il
19.61,19.8,mange
19.8,20.01,aussi
20.01,20.12,les
20.12,20.52,fleurs
20.52,21.35,?
21.35,21.35,-
21.35,21.52,un
21.52,21.91,mouton
21.91,22.19,mange
22.19,22.37,tout
22.37,22.53,ce
22.53,22.61,qu'
22.61,22.69,il
22.69,23.28,rencontre
23.28,24.33,.
24.33,24.33,-
24.33,24.53,même
24.53,24.63,les
24.63,24.95,fleurs
24.95,25.07,qui
25.07,25.15,ont
25.15,25.46,des
25.46,25.78,épines
25.78,26.71,?
26.71,26.71,-
26.71,27.06,oui
27.06,27.35,.
27.35,27.52,même
27.52,27.66,les
27.71,27.95,fleurs
27.95,28.07,qui
28.07,28.16,ont
28.16,28.45,des
28.45,28.76,épines
28.76,29.86,.
29.86,29.86,-
29.86,30.14,alors
30.14,30.48,les
30.48,30.84,épines
30.84,31.07,","
31.07,31.17,à
31.17,31.33,quoi
31.33,31.76,servent
31.76,31.76,-
31.76,32.09,elles
32.09,33.28,?
33.28,33.28,""""
33.28,33.41,je
33.45,33.47,ne
33.47,33.5,le
33.61,34.02,savais
34.02,34.21,pas
34.21,34.86,.
34.86,34.97,j'
34.97,35.3,étais
35.3,35.68,alors
35.68,36.08,très
36.08,36.62,occupé
36.69,36.85,à
36.85,37.25,essayer
37.25,37.4,de
37.4,37.93,dévisser
37.93,38.01,un
38.01,38.4,boulon
38.4,38.66,trop
38.66,39.06,serré
39.06,39.17,de
39.17,39.31,mon
39.31,39.89,moteur
39.89,40.66,.
40.66,40.77,j'
40.77,41.05,étais
41.05,41.37,très
41.37,41.92,soucieux
42.27,42.44,car
42.44,42.64,ma
42.64,42.98,panne
42.98,43.46,commençait
43.46,43.58,de
43.58,43.65,m'
43.65,44.21,apparaître
44.21,44.47,comme
44.47,44.76,très
44.76,45.32,grave
45.32,45.63,","
45.63,45.72,et
45.72,45.77,l'
45.77,45.92,eau
45.92,46.02,à
46.02,46.4,boire
46.4,46.58,qui
46.58,46.73,s'
46.73,47.3,épuisait
47.5,47.69,me
47.69,47.99,faisait
47.99,48.45,craindre
48.45,48.54,le
48.54,49.1,pire
49.1,49.88,.
49.88,49.88,""""
49.88,50.32,les
50.32,50.77,épines
50.77,50.84,","
50.84,50.97,à
50.97,51.12,quoi
51.12,51.61,servent
51.61,51.61,-
51.61,51.94,elles
51.94,52.75,?
52.75,52.75,""""
52.75,52.89,le
52.89,53.18,petit
53.18,53.58,prince
53.58,53.72,ne
53.72,54.25,renonçait
54.25,54.9,jamais
54.9,54.97,à
54.97,55.13,une
55.13,55.6,question
55.6,55.78,","
55.78,55.94,une
55.94,56.14,fois
56.14,56.26,qu'
56.26,56.45,il
56.45,56.47,l'
56.47,56.69,avait
56.69,57.14,posée
57.14,57.88,.
57.88,57.97,j'
57.97,58.18,étais
58.18,58.7,irrité
58.7,58.85,par
58.85,58.97,mon
58.97,59.32,boulon
59.59,59.63,et
59.63,59.72,je
59.72,60.24,répondis
60.24,60.33,n'
60.33,60.73,importe
60.73,60.95,quoi
60.95,61.46,:
61.46,61.46,""""
61.46,61.81,les
61.81,62.11,épines
62.11,62.11,","
62.11,62.28,ça
62.28,62.35,ne
62.35,62.58,sert
62.58,62.62,à
62.62,62.97,rien
62.97,63.23,","
63.23,63.36,c'
63.36,63.41,est
63.41,63.52,de
63.52,63.69,la
63.69,63.92,pure
63.92,64.44,méchanceté
64.44,64.53,de
64.53,64.67,la
64.67,64.85,part
64.85,64.95,des
64.95,65.48,fleurs
65.48,66.45,!
66.45,66.45,-
66.45,66.8,oh
66.8,67.78,!
67.78,67.78,""""
67.78,68.07,mais
68.07,68.37,après
68.37,68.4,un
68.44,69.02,silence
69.02,69.25,il
69.25,69.36,me
69.36,69.79,lança
69.79,70.09,","
70.09,70.41,avec
70.41,70.62,une
70.62,71.04,sorte
71.04,71.17,de
71.17,71.79,rancune
71.79,72.64,:
72.64,72.64,""""
72.64,72.81,je
72.81,72.92,ne
72.92,73.04,te
73.04,73.28,crois
73.28,73.49,pas
73.49,74.06,!
74.06,74.25,les
74.25,74.56,fleurs
74.56,74.71,sont
74.71,75.25,faibles
75.25,75.51,.
75.51,75.69,elles
75.69,75.88,sont
75.88,76.4,naïves
76.4,76.83,.
76.83,76.99,elles
76.99,77.1,se
77.1,77.54,rassurent
77.54,77.74,comme
77.74,77.88,elles
77.88,78.32,peuvent
78.32,78.98,.
78.98,79.07,elles
79.07,79.25,se
79.25,79.45,croient
79.45,79.93,terribles
79.93,80.14,avec
80.14,80.36,leurs
80.36,80.85,épines
80.85,81.97,...
81.97,81.97,""""
81.97,82.18,je
82.18,82.22,ne
82.29,82.75,répondis
82.75,83.09,rien
83.09,83.68,.
83.68,83.79,à
83.79,84.02,cet
84.02,84.29,instant
84.29,84.29,-
84.29,84.49,là
84.49,84.63,je
84.63,84.76,me
84.76,85.18,disais
85.18,85.64,:
85.64,85.64,""""
85.64,85.88,si
85.88,86.09,ce
86.09,86.56,boulon
86.56,87.01,résiste
87.01,87.47,encore
87.47,87.99,","
87.99,88.14,je
88.14,88.29,le
88.29,88.61,ferai
88.61,89.2,sauter
89.2,89.24,d'
89.24,89.36,un
89.41,89.55,coup
89.55,89.66,de
89.66,90.07,marteau
90.07,91.32,.
91.32,91.32,""""
91.32,91.43,le
91.43,91.79,petit
91.79,92.16,prince
92.16,92.66,dérangea
92.66,92.79,de
92.79,93.13,nouveau
93.13,93.26,mes
93.26,93.87,réflexions
93.87,94.999353,:
94.999353,94.999353,""""
94.999353,95.119155,et
95.119155,95.28,tu
95.28,95.62,crois
95.62,95.62,","
95.62,96.01,toi
96.01,96.07,","
96.07,96.17,que
96.17,96.31,les
96.31,96.76,fleurs
96.76,97.2,...
97.2,97.2,-
97.2,97.35,mais
97.35,97.65,non
97.65,97.87,!
97.87,98.09,mais
98.09,98.42,non
98.42,98.5,!
98.5,98.69,je
98.69,98.78,ne
98.78,99.01,crois
99.01,99.32,rien
99.32,99.63,!
99.63,99.76,j'
99.76,99.79,ai
99.79,100.21,répondu
100.21,100.28,n'
100.28,100.68,importe
100.68,100.88,quoi
100.88,101.35,.
101.35,101.52,je
101.52,101.58,m'
101.58,101.97,occupe
101.97,101.97,","
101.97,102.27,moi
102.27,102.27,","
102.27,102.39,de
102.39,102.68,choses
102.68,103.31,sérieuses
103.31,104.34,!
104.34,104.34,""""
104.34,104.54,il
104.54,104.64,me
104.64,105.19,regarda
105.19,105.95,stupéfait
105.95,106.72,.
106.72,106.72,""""
106.72,106.83,de
106.93,107.36,choses
107.6,108.4,sérieuses
108.4,109.57,!
109.57,109.57,""""
109.57,109.8,il
109.8,109.86,me
109.98,110.19,voyait
110.19,110.19,","
110.19,110.4,mon
110.51,111.05,marteau
111.05,111.15,à
111.15,111.3,la
111.3,111.5,main
111.5,111.9,","
111.9,111.95,et
111.95,112.1,les
112.1,112.38,doigts
112.38,112.86,noirs
112.86,113.0,de
113.0,113.46,cambouis
113.46,113.85,","
113.85,114.3,penché
114.3,114.52,sur
114.52,114.66,un
114.66,114.97,objet
114.97,115.15,qui
115.15,115.25,lui
115.25,115.68,semblait
115.68,115.95,très
115.95,116.17,laid
116.17,117.46,.
117.46,117.46,""""
117.46,117.63,tu
117.63,117.86,parles
117.86,118.02,comme
118.02,118.1,les
118.1,118.31,grandes
118.31,118.91,personnes
118.91,119.76,!
119.76,119.76,""""
119.76,119.94,ça
119.94,120.09,me
120.09,120.26,fit
120.26,120.41,un
120.41,120.55,peu
120.55,120.92,honte
120.92,121.4,.
121.4,121.77,mais
121.77,121.88,","
121.88,122.82,impitoyable
122.82,123.0,","
123.0,123.17,il
123.17,123.69,ajouta
123.69,124.17,:
124.17,124.17,""""
124.17,124.34,tu
124.34,124.73,confonds
124.73,125.17,tout
125.17,125.22,...
125.22,125.43,tu
125.43,125.92,mélanges
125.92,126.23,tout
126.23,127.15,!
127.15,127.15,""""
127.15,127.22,il
127.22,127.62,était
127.62,127.97,vraiment
127.97,128.29,très
128.29,128.78,irrité
128.78,129.48,.
129.48,129.65,il
129.65,130.23,secouait
130.23,130.33,au
130.33,130.56,vent
130.56,130.7,des
130.7,131.15,cheveux
131.15,131.47,tout
131.47,131.94,dorés
131.94,132.92,:
132.92,132.92,""""
132.92,133.11,je
133.11,133.35,connais
133.35,133.6,une
133.6,134.17,planète
134.17,134.29,où
134.29,134.41,il
134.41,134.5,y
134.5,134.53,a
134.53,134.68,un
134.68,135.13,monsieur
135.13,135.87,cramoisi
135.87,136.47,.
136.47,136.62,il
136.62,136.7,n'
136.7,136.81,a
136.81,137.32,jamais
137.32,137.93,respiré
138.08,138.26,une
138.26,138.71,fleur
138.71,139.14,.
139.14,139.33,il
139.33,139.38,n'
139.38,139.5,a
139.5,140.06,jamais
140.06,140.65,regardé
140.71,140.95,une
140.95,141.5,étoile
141.5,141.91,.
141.91,142.1,il
142.1,142.17,n'
142.17,142.25,a
142.25,142.78,jamais
142.78,143.01,aimé
143.01,143.66,personne
143.66,144.3,.
144.3,144.48,il
144.52,144.57,n'
144.57,144.71,a
144.71,145.2,jamais
145.2,145.42,rien
145.42,145.58,fait
145.58,145.65,d'
145.65,145.91,autre
145.91,146.04,que
146.04,146.27,des
146.27,146.8,additions
146.8,147.67,.
147.67,147.82,et
147.82,148.13,toute
148.13,148.25,la
148.25,148.69,journée
148.69,148.8,il
148.8,149.2,répète
149.2,149.44,comme
149.51,149.76,toi
149.76,150.16,:
150.16,150.16,""""
150.16,150.25,je
150.25,150.53,suis
150.53,150.7,un
150.7,150.83,homme
150.83,151.3,sérieux
151.3,151.56,!
151.56,151.7,je
151.7,151.96,suis
151.96,152.14,un
152.14,152.27,homme
152.27,152.8,sérieux
152.8,153.05,!
153.05,153.3,""""
153.3,153.3,","
153.3,153.34,et
153.34,153.51,ça
153.51,153.66,le
153.66,153.78,fait
153.78,154.29,gonfler
154.29,154.36,d'
154.36,154.94,orgueil
154.94,155.66,.
155.66,155.79,mais
155.79,155.94,ce
155.94,155.98,n'
155.98,156.08,est
156.08,156.26,pas
156.26,156.47,un
156.53,156.7,homme
156.7,156.93,","
156.93,157.03,c'
157.03,157.16,est
157.16,157.24,un
157.24,157.94,champignon
157.94,158.68,!
158.68,158.68,-
158.68,158.94,un
159.16,159.46,quoi
159.46,160.3,?
160.3,160.3,-
160.3,160.45,un
160.45,161.29,champignon
161.29,162.19,!
162.19,162.19,""""
162.19,162.29,le
162.29,162.72,petit
162.72,163.08,prince
163.15,163.47,était
163.47,164.07,maintenant
164.07,164.35,tout
164.35,164.9,pâle
164.9,165.03,de
165.03,165.65,colère
165.65,166.57,.
166.57,166.57,""""
166.57,166.73,il
166.73,166.86,y
166.91,166.94,a
166.94,167.14,des
167.14,167.58,millions
167.58,167.63,d'
167.63,167.91,années
167.91,168.03,que
168.03,168.18,les
168.18,168.55,fleurs
168.55,168.91,fabriquent
168.91,169.11,des
169.11,169.62,épines
169.62,170.12,.
170.12,170.24,il
170.24,170.4,y
170.4,170.51,a
170.51,170.67,des
170.67,171.34,millions
171.34,171.4,d'
171.4,171.69,années
171.69,171.76,que
171.76,171.92,les
171.92,172.27,moutons
172.27,172.59,mangent
172.67,172.85,quand
172.85,173.1,même
173.1,173.2,les
173.2,173.68,fleurs
173.68,174.19,.
174.19,174.26,et
174.26,174.42,ce
174.42,174.5,n'
174.5,174.61,est
174.61,174.73,pas
174.73,175.28,sérieux
175.42,175.51,de
175.51,175.88,chercher
175.88,175.96,à
175.96,176.52,comprendre
176.52,176.92,pourquoi
176.92,177.05,elles
177.05,177.24,se
177.24,177.43,donnent
177.54,177.78,tant
177.78,177.91,de
177.91,178.26,mal
178.49,178.66,pour
178.66,178.78,se
178.78,179.21,fabriquer
179.21,179.38,des
179.38,179.82,épines
179.82,179.96,qui
179.96,180.07,ne
180.07,180.36,servent
180.36,180.67,jamais
180.74,180.81,à
180.81,181.14,rien
181.14,182.09,?
182.09,182.25,ce
182.25,182.28,n'
182.28,182.38,est
182.38,182.44,pas
182.44,183.0,important
183.0,183.13,la
183.13,183.36,guerre
183.36,183.47,des
183.47,183.81,moutons
183.81,183.86,et
183.86,183.98,des
183.98,184.46,fleurs
184.46,185.32,?
185.32,185.46,ce
185.46,185.49,n'
185.49,185.63,est
185.63,185.77,pas
185.77,185.89,plus
185.89,186.37,sérieux
186.37,186.46,et
186.46,186.72,plus
186.72,187.3,important
187.41,187.48,que
187.48,187.68,les
187.68,188.17,additions
188.17,188.22,d'
188.22,188.36,un
188.36,188.65,gros
188.65,188.97,monsieur
188.97,189.42,rouge
189.42,190.44399,?
190.44399,190.570097,et
190.570097,190.77,si
190.77,190.92,je
190.92,191.28,connais
191.28,191.28,","
191.28,191.66,moi
191.66,191.92,","
191.92,192.15,une
192.15,192.64,fleur
192.68,193.21,unique
193.21,193.32,au
193.32,193.76,monde
193.76,194.08,","
194.08,194.22,qui
194.22,194.27,n'
194.27,194.78,existe
194.78,195.15,nulle
195.15,195.53,part
195.53,195.81,","
195.81,196.18,sauf
196.18,196.34,dans
196.34,196.47,ma
196.47,197.05,planète
197.05,197.44,","
197.44,197.54,et
197.54,197.64,qu'
197.64,197.75,un
197.75,198.04,petit
198.04,198.48,mouton
198.48,198.64,peut
198.64,199.3,anéantir
199.3,199.42,d'
199.42,199.58,un
199.58,199.86,seul
199.86,200.16,coup
200.16,200.39,","
200.39,200.67,comme
200.67,200.9,ça
200.9,201.16,","
201.16,201.31,un
201.31,201.75,matin
201.75,201.95,","
201.95,202.23,sans
202.23,202.38,se
202.38,202.67,rendre
202.67,203.0,compte
203.0,203.13,de
203.13,203.32,ce
203.32,203.36,qu'
203.36,203.49,il
203.49,203.74,fait
203.74,204.17,","
204.17,204.26,ce
204.26,204.3,n'
204.3,204.4,est
204.4,204.57,pas
204.57,205.17,important
205.17,205.49,ça
205.49,206.96,!
206.96,206.96,""""
206.96,207.07,il
207.07,207.61,rougit
207.61,207.82,","
207.82,208.13,puis
208.13,208.63,reprit
208.63,209.45,:
209.45,209.45,""""
209.45,209.71,si
209.71,210.03,quelqu'
210.03,210.21,un
210.26,210.47,aime
210.47,210.59,une
210.59,210.93,fleur
210.93,211.08,qui
211.08,211.16,n'
211.16,211.62,existe
211.62,211.75,qu'
211.75,211.9,à
211.99,212.33,un
212.33,212.93,exemplaire
212.93,213.06,dans
213.06,213.23,les
213.23,213.84,millions
213.84,213.9,et
213.9,214.05,les
214.05,214.38,millions
214.38,214.44,d'
214.44,214.95,étoiles
214.95,215.46,","
215.46,215.7,ça
215.7,216.17,suffit
216.17,216.29,pour
216.29,216.37,qu'
216.37,216.44,il
216.44,216.75,soit
216.75,217.04,heureux
217.04,217.3,quand
217.3,217.46,il
217.46,217.52,les
217.52,218.11,regarde
218.11,218.62,.
218.62,218.79,il
218.79,218.97,se
218.97,219.26,dit
219.26,219.8,:
219.8,219.8,""""
219.8,219.95,ma
219.95,220.29,fleur
220.29,220.37,est
220.37,220.55,là
220.55,220.92,quelque
220.92,221.37,part
221.37,222.2,...
222.2,222.2,""""
222.2,222.37,mais
222.37,222.43,","
222.43,222.54,si
222.54,222.65,le
222.69,223.06,mouton
223.06,223.46,mange
223.46,223.6,la
223.6,224.06,fleur
224.06,224.49,","
224.49,224.61,c'
224.61,224.69,est
224.69,224.84,pour
224.84,225.1,lui
225.1,225.36,comme
225.36,225.74,si
225.74,225.99,","
225.99,226.79,brusquement
226.79,227.07,","
227.07,227.4,toutes
227.4,227.69,les
227.69,227.94,étoiles
227.94,228.06,s'
228.06,228.5,éteignaient
228.5,228.5,!
228.5,228.55,et
229.29,229.53,ce
229.53,229.58,n'
229.58,229.66,est
229.66,229.84,pas
229.84,230.34,important
230.46,230.79,ça
230.79,232.34,!
232.34,232.34,""""
232.34,232.64,il
232.64,232.67,ne
232.67,232.8,put
232.8,233.15,rien
233.15,233.39,dire
233.39,233.51,de
233.51,234.03,plus
234.03,234.49,.
234.49,234.68,il
234.68,235.18,éclata
235.18,236.11,brusquement
236.11,236.13,en
236.13,236.64,sanglots
236.64,237.6,.
237.6,237.79,la
237.83,238.01,nuit
238.01,238.34,était
238.34,238.82,tombée
238.82,239.36,.
239.36,239.48,j'
239.48,239.67,avais
239.67,240.03,lâché
240.03,240.25,mes
240.25,240.64,outils
240.64,241.28,.
241.28,241.49,je
241.49,241.56,me
241.63,241.97,moquais
241.97,242.31,bien
242.31,242.44,de
242.44,242.59,mon
242.59,243.02,marteau
243.02,243.14,","
243.14,243.35,de
243.35,243.54,mon
243.54,243.93,boulon
243.93,244.07,","
244.07,244.23,de
244.23,244.39,la
244.39,244.86,soif
245.07,245.19,et
245.19,245.3,de
245.3,245.43,la
245.43,245.86,mort
245.86,246.6,.
246.6,246.78,il
246.78,246.92,y
246.92,247.3,avait
247.3,247.45,","
247.45,247.75,sur
247.75,247.83,une
247.83,248.35,étoile
248.35,248.57,","
248.57,248.8,une
248.8,249.33,planète
249.33,249.6,","
249.6,249.76,la
249.76,250.26,mienne
250.26,250.67,","
250.67,250.84,la
250.88,251.27,terre
251.27,251.87,","
251.87,252.07,un
252.07,252.4,petit
252.4,252.85,prince
252.85,252.99,à
252.99,253.63,consoler
253.63,254.59,!
254.59,254.78,je
254.78,254.93,le
254.93,255.16,pris
255.16,255.31,dans
255.31,255.44,les
255.44,255.71,bras
255.71,256.22,.
256.22,256.38,je
256.38,256.52,le
256.52,257.07,berçai
257.07,257.56,.
257.56,257.68,je
257.68,257.86,lui
257.86,258.43,disais
258.43,259.12,:
259.12,259.12,""""
259.12,259.28,la
259.28,259.6,fleur
259.6,259.74,que
259.74,259.91,tu
259.91,260.07,aimes
260.07,260.12,n'
260.12,260.24,est
260.24,260.46,pas
260.46,260.54,en
260.54,261.01,danger
261.01,261.29,...
261.29,261.4,je
261.4,261.57,lui
261.57,262.14,dessinerai
262.14,262.24,une
262.24,262.82,muselière
262.82,262.82,","
262.82,262.89,à
262.89,263.07,ton
263.07,263.41,mouton
263.41,263.91,...
263.91,264.09,je
264.09,264.22,te
264.22,264.73,dessinerai
264.73,264.83,une
264.83,265.18,armure
265.18,265.31,pour
265.31,265.45,ta
265.45,265.8,fleur
265.8,266.34,...
266.34,266.75,je
266.75,267.49,...
267.49,267.49,""""
267.49,267.6,je
267.65,267.72,ne
267.72,268.08,savais
268.08,268.19,pas
268.19,268.36,trop
268.36,268.54,quoi
268.54,268.91,dire
268.91,269.19,.
269.19,269.42,je
269.42,269.54,me
269.54,269.97,sentais
269.97,270.37,très
270.37,270.91,maladroit
270.91,271.73,.
271.73,271.9,je
271.9,271.99,ne
271.99,272.46,savais
272.46,272.8,comment
272.8,272.87,l'
272.87,273.43,atteindre
273.43,273.75,","
273.75,273.9,où
273.9,274.04,le
274.04,274.69,rejoindre
274.69,275.4,...
275.4,275.51,c'
275.51,275.67,est
275.67,276.27,tellement
276.27,276.89,mystérieux
276.89,276.89,","
276.89,276.99,le
276.99,277.3,pays
277.3,277.43,des
277.43,277.87,larmes
277.87,283.9915,!
283.9915,284.1,j'
284.1,284.38,appris
284.46,284.69,bien
284.8,285.05,vite
285.11,285.13,à
285.26,285.48,mieux
285.54,286.02,connaître
286.08,286.37,cette
286.37,286.93,fleur
286.93,287.69,.
287.69,287.95,il
287.95,288.21,avait
288.21,288.77,toujours
288.77,288.97,eu
288.97,289.17,","
289.17,289.39,sur
289.39,289.53,la
289.53,290.05,planète
290.05,290.19,du
290.19,290.53,petit
290.53,291.13,prince
291.13,291.33,","
291.33,291.54,des
291.54,292.04,fleurs
292.04,292.31,très
292.31,292.86,simples
292.86,293.39,","
293.39,293.83,ornées
293.83,293.95,d'
293.95,294.1,un
294.1,294.39,seul
294.39,294.6,rang
294.6,294.71,de
294.71,295.34,pétales
295.34,295.74,","
295.74,295.81,et
295.81,295.98,qui
295.98,296.07,ne
296.07,296.4,tenaient
296.4,296.66,point
296.66,296.83,de
296.83,297.35,place
297.35,297.6,","
297.6,297.67,et
297.67,297.8,qui
297.8,297.94,ne
297.94,298.48,dérangeaient
298.48,299.19,personne
299.19,300.32,.
300.32,300.56,elles
300.56,301.23,apparaissaient
301.23,301.31,un
301.31,301.72,matin
301.72,301.88,dans
301.88,301.96,l'
301.96,302.29,herbe
302.29,302.69,","
302.69,302.78,et
302.78,303.07,puis
303.07,303.19,elles
303.19,303.28,s'
303.28,303.68,éteignaient
303.68,303.83,le
303.83,304.39,soir
304.39,305.17,.
305.17,305.34,mais
305.34,305.73,celle
305.73,305.73,-
305.73,306.03,là
306.11,306.36,avait
306.36,306.82,germé
306.82,306.94,un
306.94,307.41,jour
307.41,307.58,","
307.58,307.68,d'
307.68,307.91,une
307.91,308.37,graine
308.37,308.93,apportée
308.93,309.06,d'
309.06,309.22,on
309.22,309.35,ne
309.35,309.62,sait
309.62,309.82,où
309.82,310.24,","
310.24,310.32,et
310.32,310.44,le
310.44,310.75,petit
310.75,311.2,prince
311.2,311.53,avait
311.53,312.06,surveillé
312.06,312.21,de
312.21,312.72,très
312.72,313.06,près
313.06,313.41,cette
313.41,314.03,brindille
314.13,314.28,qui
314.28,314.37,ne
314.37,315.02,ressemblait
315.08,315.24,pas
315.33,315.47,aux
315.53,315.8,autres
315.8,316.46,brindilles
316.46,317.35,.
317.35,317.49,ça
317.49,317.84,pouvait
317.84,318.08,être
318.08,318.18,un
318.18,318.5,nouveau
318.5,318.84,genre
318.84,318.97,de
318.97,319.62,baobab
319.62,320.58,.
320.58,320.77,mais
320.77,320.8,l'
320.8,321.4,arbuste
321.4,321.8,cessa
321.8,322.1,vite
322.14,322.27,de
322.27,322.83,croître
322.83,323.29,","
323.29,323.36,et
323.36,323.94,commença
323.94,324.07,de
324.07,324.71,préparer
324.82,325.04,une
325.04,325.58,fleur
325.58,326.66,.
326.66,326.77,le
326.77,327.13,petit
327.13,327.68,prince
327.68,327.84,","
327.84,328.02,qui
328.02,328.6,assistait
328.6,328.68,à
328.68,328.75,l'
328.75,329.49,installation
329.49,329.58,d'
329.58,329.75,un
329.75,330.19,bouton
330.37,331.12,énorme
331.12,331.44,","
331.44,331.95,sentait
331.95,332.26,bien
332.26,332.37,qu'
332.37,332.47,il
332.47,332.55,en
332.55,333.16,sortirait
333.16,333.3,une
333.3,334.03,apparition
334.03,335.21,miraculeuse
335.21,335.66,","
335.66,335.82,mais
335.82,335.96,la
335.96,336.46,fleur
336.46,336.56,n'
336.56,336.63,en
336.63,337.23,finissait
337.37,337.58,pas
337.58,337.68,de
337.68,337.88,se
337.88,338.48,préparer
338.48,338.56,à
338.56,338.86,être
338.86,339.38,belle
339.38,339.75,","
339.75,339.87,à
339.87,339.95,l'
339.95,340.29,abri
340.29,340.42,de
340.42,340.59,sa
340.59,341.06,chambre
341.06,341.54,verte
341.54,342.3,.
342.3,342.51,elle
342.51,343.23,choisissait
343.23,343.51,avec
343.51,343.84,soin
343.84,344.01,ses
344.01,344.65,couleurs
344.65,345.19,.
345.19,345.34,elle
345.34,345.51,s'
345.51,345.94,habillait
345.94,346.67,lentement
346.67,347.05,","
347.05,347.25,elle
347.25,347.93,ajustait
348.05,348.33,un
348.33,348.36,à
348.36,348.71,un
348.75,348.99,ses
348.99,349.56,pétales
349.56,350.3,.
350.3,350.46,elle
350.46,350.6,ne
350.6,350.93,voulait
350.93,351.12,pas
351.12,351.63,sortir
351.63,351.91,toute
351.91,352.39,fripée
352.39,352.59,comme
352.59,352.68,les
352.68,353.26,coquelicots
353.26,353.92,.
353.92,354.1,elle
354.1,354.2,ne
354.2,354.54,voulait
354.54,355.21,apparaître
355.36,355.54,que
355.54,355.68,dans
355.68,355.87,le
355.87,356.3,plein
356.3,356.94,rayonnement
356.94,357.04,de
357.04,357.27,sa
357.27,357.7,beauté
357.7,358.36,.
358.36,358.6,eh
358.6,358.6,!
358.6,358.89,oui
358.89,359.29,.
359.29,359.49,elle
359.49,359.79,était
359.79,360.21,très
360.21,360.81,coquette
360.81,361.64,!
361.64,361.9,sa
361.9,362.4,toilette
362.4,363.21,mystérieuse
363.21,363.57,avait
363.57,363.84,donc
363.88,364.29,duré
364.29,364.58,des
364.58,365.07,jours
365.07,365.22,et
365.22,365.34,des
365.34,365.57,jours
365.57,366.69,.
366.69,366.79,et
366.79,366.97,puis
366.97,367.35,voici
367.35,367.43,qu'
367.43,367.53,un
367.53,368.0,matin
368.0,368.18,","
368.18,368.94,justement
368.94,369.08,à
369.08,369.17,l'
369.17,369.39,heure
369.39,369.52,du
369.52,369.78,lever
369.78,369.9,du
369.9,370.48,soleil
370.48,370.89,","
370.89,371.04,elle
371.04,371.2,s'
371.2,371.44,était
371.44,371.96,montrée
371.96,372.92,.
372.92,373.17,et
373.24,373.49,elle
373.49,373.78,","
373.78,373.94,qui
373.94,374.2,avait
374.2,374.82,travaillé
374.82,375.14,avec
375.25,375.45,tant
375.45,375.61,de
375.61,376.36,précision
376.36,376.79,","
376.79,377.11,dit
377.11,377.24,en
377.24,377.68,bâillant
377.68,378.55,:
378.55,378.55,""""
378.55,378.93,ah
378.93,379.05,!
379.05,379.11,je
379.19,379.28,me
379.28,379.61,réveille
379.61,379.7,à
379.74,380.16,peine
380.16,380.57,...
380.57,380.65,je
380.65,380.87,vous
380.87,381.16,demande
381.16,381.72,pardon
381.72,381.99,...
381.99,382.1,je
382.1,382.35,suis
382.35,382.73,encore
382.73,383.16,toute
383.16,383.87,décoiffée
383.87,384.71,...
384.71,384.71,""""
384.71,384.96,le
384.96,385.26,petit
385.26,385.75,prince
385.75,385.75,","
385.75,386.47,alors
386.47,386.54,","
386.54,386.82,ne
386.82,387.19,put
387.19,387.86,contenir
387.86,388.12,son
388.12,388.86,admiration
388.86,389.92,:
389.92,389.92,""""
389.92,390.26,que
390.26,390.37,vous
390.37,390.69,êtes
390.78,391.43,belle
391.43,392.47,!
392.47,392.47,-
392.47,392.54,n'
392.54,392.69,est
392.69,392.76,-
392.76,392.83,ce
392.83,393.03,pas
393.03,393.46,","
393.46,393.92,répondit
393.92,394.38,doucement
394.38,394.53,la
394.53,394.99,fleur
394.99,395.55,.
395.55,395.59,et
395.59,395.73,je
395.73,396.02,suis
396.02,396.19,née
396.19,396.28,en
396.28,396.47,même
396.47,396.6,temps
396.6,396.72,que
396.72,396.81,le
396.81,397.47,soleil
397.47,398.66,...
398.66,398.66,""""
398.66,398.91,le
398.91,399.21,petit
399.21,399.63,prince
399.63,400.09,devina
400.09,400.32,bien
400.32,400.45,qu'
400.45,400.54,elle
400.54,400.58,n'
400.58,400.86,était
400.86,401.0,pas
401.0,401.18,trop
401.18,401.78,modeste
401.78,402.14,","
402.14,402.35,mais
402.35,402.49,elle
402.49,402.82,était
402.82,403.19,si
403.3,404.19,émouvante
404.19,405.38,!
405.38,405.38,""""
405.38,405.44,c'
405.44,405.63,est
405.63,405.66,l'
405.76,405.91,heure
405.91,405.91,","
405.91,406.08,je
406.08,406.37,crois
406.37,406.37,","
406.37,406.48,du
406.48,406.73,petit
406.73,407.29,déjeuner
407.29,407.62,","
407.62,407.95,avait
407.95,407.95,-
407.95,408.16,elle
408.16,408.61,bientôt
408.61,409.12,ajouté
409.12,409.79,","
409.79,410.06,auriez
410.06,410.06,-
410.06,410.18,vous
410.18,410.27,la
410.27,410.63,bonté
410.63,410.72,de
410.72,411.1,penser
411.1,411.19,à
411.19,411.53,moi
411.53,412.66,...
412.66,412.66,""""
412.66,412.85,et
412.85,412.88,le
412.88,413.18,petit
413.18,413.73,prince
413.73,413.9,","
413.9,414.08,tout
414.08,414.6,confus
414.6,414.84,","
414.84,415.25,ayant
415.25,415.54,été
415.54,416.03,chercher
416.03,416.22,un
416.22,416.8,arrosoir
416.8,416.85,d'
416.85,416.92,eau
416.92,417.48,fraîche
417.48,417.7,","
417.7,417.97,avait
417.97,418.43,servi
418.43,418.57,la
418.57,419.12,fleur
419.12,420.16,.
420.16,420.57,ainsi
420.66,420.7,l'
420.7,420.96,avait
420.96,420.96,-
420.96,421.1,elle
421.1,421.48,bien
421.48,421.86,vite
421.86,422.46,tourmenté
422.46,422.62,par
422.62,422.82,sa
422.82,423.36,vanité
423.36,423.51,un
423.51,423.67,peu
423.67,424.46,ombrageuse
424.46,424.92,.
424.92,425.07,un
425.07,425.49,jour
425.49,425.49,","
425.49,425.68,par
425.68,426.33,exemple
426.33,426.68,","
426.68,427.09,parlant
427.09,427.22,de
427.22,427.4,ses
427.4,427.7,quatre
427.7,428.2,épines
428.2,428.57,","
428.57,428.75,elle
428.75,428.95,avait
428.95,429.17,dit
429.17,429.25,au
429.25,429.52,petit
429.52,430.07,prince
430.07,430.51,:
430.51,430.51,""""
430.51,430.78,ils
430.78,431.07,peuvent
431.07,431.39,venir
431.39,431.39,","
431.39,431.57,les
431.57,431.97,tigres
431.97,432.12,","
432.12,432.39,avec
432.39,432.57,leurs
432.57,433.05,griffes
433.05,433.58,!
433.58,433.58,-
433.58,433.78,il
433.78,433.81,n'
433.81,433.88,y
433.88,433.99,a
433.99,434.12,pas
434.12,434.25,de
434.25,434.63,tigres
434.63,434.77,sur
434.77,434.9,ma
434.9,435.44,planète
435.44,435.78,","
435.78,436.1,avait
436.1,436.51,objecté
436.51,436.64,le
436.64,436.92,petit
436.92,437.39,prince
437.39,438.11,","
438.11,438.21,et
438.21,438.44,puis
438.48,438.59,les
438.59,438.94,tigres
438.94,439.01,ne
439.01,439.24,mangent
439.24,439.4,pas
439.4,439.43,d'
439.43,439.73,herbe
439.73,440.55,.
440.55,440.55,-
440.55,440.72,je
440.72,440.83,ne
440.83,441.04,suis
441.04,441.18,pas
441.18,441.43,une
441.43,441.87,herbe
441.87,442.35,","
442.35,442.62,avait
442.62,443.09,doucement
443.09,443.54,répondu
443.54,443.67,la
443.67,444.08,fleur
444.08,444.65,.
444.65,444.65,-
444.65,445.13,pardonnez
445.13,445.13,-
445.13,445.43,moi
445.43,446.21,...
446.21,446.21,-
446.21,446.36,je
446.36,446.51,ne
446.51,446.79,crains
446.79,446.95,rien
446.95,447.08,des
447.08,447.55,tigres
447.55,447.69,","
447.69,447.82,mais
447.82,447.98,j'
447.98,448.03,ai
448.03,448.57,horreur
448.57,448.71,des
448.71,449.0,courants
449.0,449.08,d'
449.08,449.36,air
449.36,450.01,.
450.01,450.07,vous
450.07,450.13,n'
450.13,450.36,auriez
450.36,450.54,pas
450.54,450.64,un
450.64,451.13,paravent
451.13,451.66999999999996,?
451.66999999999996,452.21,""""
452.21,452.21,""""
452.21,452.7,horreur
452.7,452.88,des
452.88,453.14,courants
453.14,453.21,d'
453.21,453.58,air
453.58,453.86,...
453.86,454.03,ce
454.03,454.1,n'
454.1,454.18,est
454.18,454.29,pas
454.29,454.38,de
454.38,454.74,chance
454.74,454.74,","
454.74,454.94,pour
454.94,455.06,une
455.06,455.56,plante
455.56,455.98,","
455.98,456.22,avait
456.22,456.7,remarqué
456.7,456.82,le
456.82,457.09,petit
457.09,457.6,prince
457.6,458.09,.
458.09,458.37,cette
458.37,458.66,fleur
458.66,458.75,est
458.75,458.93,bien
458.93,459.6,compliquée
459.6,460.185,...
460.185,460.77,""""
460.77,460.77,""""
460.77,460.87,le
460.91,461.37,soir
461.37,461.52,vous
461.52,461.64,me
461.64,461.85,mettrez
461.85,462.05,sous
462.05,462.55,globe
462.55,462.82,.
462.82,462.96,il
462.96,463.11,fait
463.11,463.31,très
463.31,463.57,froid
463.57,463.81,chez
463.81,463.97,vous
463.97,464.26,.
464.26,464.4,c'
464.4,464.48,est
464.48,464.69,mal
464.69,465.24,installé
465.24,465.64,.
465.64,465.89,là
465.89,465.92,d'
465.92,466.0,où
466.0,466.18,je
466.18,466.5,viens
466.5,467.3,...
467.3,467.3,""""
467.3,467.59,mais
467.59,467.62,elle
467.62,467.72,s'
467.72,467.95,était
467.95,468.62,interrompue
468.62,469.16,.
469.16,469.33,elle
469.33,469.55,était
469.55,469.82,venue
469.82,470.02,sous
470.02,470.32,forme
470.32,470.44,de
470.44,470.92,graine
470.92,471.36,.
471.36,471.51,elle
471.51,471.57,n'
471.57,471.8,avait
471.8,472.11,rien
472.11,472.22,pu
472.22,472.7,connaître
472.7,472.9,des
472.9,473.14,autres
473.14,473.55,mondes
473.55,474.3,.
474.3,474.97,humiliée
474.97,475.08,de
475.08,475.18,s'
475.18,475.43,être
475.43,475.87,laissé
475.87,476.54,surprendre
476.54,476.66,à
476.66,477.1,préparer
477.1,477.2,un
477.2,477.74,mensonge
477.74,478.01,aussi
478.01,478.54,naïf
478.54,478.87,","
478.87,479.03,elle
479.03,479.25,avait
479.25,479.68,toussé
479.68,479.96,deux
479.96,480.05,ou
480.05,480.28,trois
480.28,480.6,fois
480.6,481.01,","
481.01,481.19,pour
481.19,481.49,mettre
481.49,481.62,le
481.62,481.91,petit
481.91,482.31,prince
482.31,482.44,dans
482.44,482.69,son
482.69,483.17,tort
483.17,484.55482699999993,:
484.55482699999993,484.55482699999993,""""
484.55482699999993,484.680935,ce
484.680935,485.18,paravent
485.18,485.63,?
485.63,486.08,...
486.08,486.08,-
486.08,486.2,j'
486.24,486.49,allais
486.49,486.52,le
486.52,486.99,chercher
486.99,487.09,mais
487.09,487.19,vous
487.19,487.36,me
487.36,487.93,parliez
487.93,489.09,!
489.09,489.09,""""
489.09,489.65,alors
489.65,489.81,elle
489.81,490.03,avait
490.03,490.55,forcé
490.55,490.74,sa
490.74,491.07,toux
491.07,491.25,pour
491.25,491.44,lui
491.44,491.98,infliger
491.98,492.2,quand
492.2,492.45,même
492.45,492.59,des
492.59,493.23,remords
493.23,494.14,.
494.14,494.61,ainsi
494.61,494.72,le
494.72,495.0,petit
495.0,495.58,prince
495.58,495.63,","
495.63,496.21,malgré
496.21,496.34,la
496.34,496.65,bonne
496.65,497.11,volonté
497.11,497.23,de
497.23,497.46,son
497.46,497.89,amour
497.89,498.26,","
498.26,498.61,avait
498.61,498.97,vite
498.97,499.32,douté
499.32,499.39,d'
499.39,499.73,elle
499.73,500.49,.
500.49,500.66,il
500.66,500.88,avait
500.88,501.09,pris
501.09,501.21,au
501.21,501.65,sérieux
501.65,501.79,des
501.79,501.97,mots
501.97,502.3,sans
502.3,503.03,importance
503.03,503.49,","
503.49,503.66,et
503.66,503.82,était
503.82,504.27,devenu
504.27,504.71,très
504.71,505.29,malheureux
505.29,506.44,.
506.44,506.44,""""
506.44,506.55,j'
506.55,506.73,aurais
506.73,506.86,dû
506.86,507.03,ne
507.03,507.17,pas
507.17,507.2,l'
507.2,507.74,écouter
507.74,508.05,","
508.05,508.21,me
508.21,508.55,confia
508.55,508.55,-
508.55,508.67,t
508.67,508.67,-
508.67,508.8,il
508.8,508.91,un
508.91,509.31,jour
509.31,509.79,","
509.79,509.96,il
509.96,510.04,ne
510.04,510.18,faut
510.18,510.68,jamais
510.68,511.11,écouter
511.11,511.23,les
511.23,511.69,fleurs
511.69,512.25,.
512.25,512.48,il
512.48,512.59,faut
512.59,512.7,les
512.7,513.29,regarder
513.55,513.6,et
513.6,513.71,les
513.71,514.4,respirer
514.4,514.94,.
514.94,515.14,la
515.14,515.54,mienne
515.58,516.12,embaumait
516.12,516.27,ma
516.27,516.88,planète
516.88,517.13,","
517.13,517.3,mais
517.3,517.4,je
517.4,517.52,ne
517.52,517.9,savais
517.9,518.05,pas
518.05,518.13,m'
518.13,518.2,en
518.2,518.85,réjouir
518.85,519.44,.
519.44,519.7,cette
519.7,520.02,histoire
520.02,520.16,de
520.16,520.68,griffes
520.68,520.84,","
520.84,520.96,qui
520.96,521.02,m'
521.02,521.23,avait
521.23,521.76,tellement
521.76,522.27,agacé
522.27,522.67,","
522.67,522.82,eût
522.82,522.98,dû
522.98,523.04,m'
523.04,523.76,attendrir
523.76,524.8,...
524.8,524.8,""""
524.8,525.02,il
525.02,525.08,me
525.08,525.46,confia
525.46,526.12,encore
526.12,526.7,:
526.7,526.7,""""
526.7,526.91,je
526.91,526.94,n'
526.94,527.01,ai
527.12,527.32,alors
527.4,527.71,rien
527.71,527.94,su
527.94,528.65,comprendre
528.65,529.08,!
529.08,529.22,j'
529.22,529.39,aurais
529.39,529.49,dû
529.49,529.64,la
529.64,530.01,juger
530.01,530.18,sur
530.18,530.43,les
530.43,530.9,actes
531.01,531.08,et
531.08,531.32,non
531.32,531.51,sur
531.51,531.66,les
531.66,531.9,mots
531.9,532.58,.
532.58,532.79,elle
532.79,532.86,m'
532.86,533.3502679999998,embaumait
533.634009,533.73,et
533.73,533.81,m'
533.81,534.39,éclairait
534.39,534.89,.
534.89,535.03,je
535.03,535.11,n'
535.11,535.29,aurais
535.29,535.71,jamais
535.71,535.84,dû
535.84,535.92,m'
535.92,536.51,enfuir
536.51,537.16,!
537.16,537.25,j'
537.25,537.44,aurais
537.44,537.57,dû
537.57,537.97,deviner
537.97,538.19,sa
538.19,538.69,tendresse
538.69,538.99,derrière
538.99,539.18,ses
539.18,539.55,pauvres
539.55,539.97,ruses
539.97,540.55,.
540.55,540.66,les
540.66,541.07,fleurs
541.07,541.25,sont
541.25,541.51,si
541.58,542.59,contradictoires
542.59,543.41,!
543.41,543.61,mais
543.61,543.64,j'
543.64,543.86,étais
543.86,544.07,trop
544.07,544.44,jeune
544.44,544.55,pour
544.55,544.89,savoir
544.89,544.96,l'
544.96,545.26,aimer
545.26,548.3609190000002,.
548.3609190000002,548.3609190000002,""""
548.3609190000002,548.49,je
548.6130820000002,548.83,crois
548.91,548.95,qu'
549.01,549.06,il
549.12,549.7,profita
549.7,550.01,","
550.01,550.11,pour
550.18,550.32,son
550.32,550.89,évasion
550.89,551.1,","
551.1,551.19,d'
551.19,551.41,une
551.41,552.23,migration
552.23,552.27,d'
552.27,552.6,oiseaux
552.6,553.31,sauvages
553.31,554.18,.
554.18,554.28,au
554.28,554.63,matin
554.63,554.77,du
554.77,555.34,départ
555.34,555.56,il
555.56,555.72,mit
555.72,555.92,sa
555.92,556.42,planète
556.42,556.8,bien
556.8,556.98,en
556.98,557.44,ordre
557.44,558.67,.
558.67,558.89,il
558.89,559.28,ramona
559.35,560.14,soigneusement
560.14,560.37,ses
560.37,560.92,volcans
560.92,560.98,en
560.98,561.74,activité
561.74,562.25,.
562.25,562.42,il
562.42,562.87,possédait
562.87,563.17,deux
563.17,563.63,volcans
563.63,563.69,en
563.69,564.39,activité
564.39,564.93,.
564.93,564.96,et
564.96,565.06,c'
565.06,565.28,était
565.28,565.51,bien
565.51,565.93,commode
565.93,566.04,pour
566.04,566.21,faire
566.21,566.53,chauffer
566.53,566.65,le
566.65,566.91,petit
566.91,567.32,déjeuner
567.32,567.44,du
567.44,567.79,matin
567.79,568.61,.
568.61,568.76,il
568.76,569.24,possédait
569.24,569.56,aussi
569.56,569.68,un
569.68,570.03,volcan
570.03,570.36,éteint
570.36,571.24,.
571.24,571.52,mais
571.52,571.52,","
571.52,571.8,comme
571.8,571.91,il
571.91,572.38,disait
572.38,572.75,:
572.75,572.75,""""
572.75,572.86,on
572.86,572.91,ne
572.91,573.06,sait
573.06,573.45,jamais
573.45,574.37,!
574.37,574.37,""""
574.37,574.59,il
574.59,574.94,ramona
574.94,575.3,donc
575.43,576.03,également
576.03,576.15,le
576.15,576.56,volcan
576.56,576.91,éteint
576.91,577.87,.
577.87,578.01,s'
578.01,578.13,ils
578.13,578.31,sont
578.37,578.59,bien
578.59,579.1,ramonés
579.1,579.19,","
579.19,579.38,les
579.38,579.8,volcans
579.8,580.21,brûlent
580.21,580.87,doucement
581.0,581.11,et
581.11,581.91,régulièrement
581.91,582.09,","
582.09,582.48,sans
582.48,583.07,éruptions
583.07,583.83,.
583.83,584.12,les
584.12,584.57,éruptions
584.57,585.15,volcaniques
585.15,585.34,sont
585.46,585.71,comme
585.71,585.84,des
585.84,586.05,feux
586.05,586.16,de
586.16,586.74,cheminée
586.74,587.37,.
587.37,587.95,évidemment
587.95,588.14,sur
588.14,588.43,notre
588.43,588.77,terre
588.77,588.89,nous
588.89,589.18,sommes
589.18,589.53,beaucoup
589.53,589.71,trop
589.71,590.06,petits
590.06,590.34,pour
590.34,590.64,ramoner
590.64,590.77,nos
590.77,591.22,volcans
591.22,591.95,.
591.95,592.04,c'
592.04,592.14,est
592.14,592.53,pourquoi
592.53,592.68,ils
592.68,592.78,nous
592.78,593.14,causent
593.14,593.32,des
593.46,593.71,tas
593.71,593.77,d'
593.77,594.25,ennuis
594.25,595.6,.
595.6,595.75,le
595.75,596.05,petit
596.05,596.43,prince
596.43,596.89,arracha
596.89,597.35,aussi
597.35,597.57,","
597.57,597.9,avec
597.9,598.02,un
598.02,598.19,peu
598.19,598.29,de
598.29,598.98,mélancolie
598.98,599.39,","
599.39,599.55,les
599.55,599.98,dernières
599.98,600.31,pousses
600.31,600.43,de
600.43,601.1,baobabs
601.1,601.78,.
601.78,601.94,il
601.94,602.32,croyait
602.32,602.47,ne
602.47,602.99,jamais
602.99,603.54,devoir
603.54,604.15,revenir
604.15,605.02,.
605.02,605.18,mais
605.18,605.41,tous
605.45,605.57,ces
605.57,605.95,travaux
605.95,606.47,familiers
606.47,606.64,lui
606.64,607.21,parurent
607.21,607.29,","
607.29,607.48,ce
607.48,607.89,matin
607.89,607.89,-
607.89,608.06,là
608.06,608.42,","
608.42,609.3,extrêmement
609.3,609.51,doux
609.51,610.52,.
610.52,610.59,et
610.59,610.59,","
610.59,610.77,quand
610.81,610.96,il
610.96,611.44,arrosa
611.44,611.62,une
611.62,612.08,dernière
612.08,612.27,fois
612.27,612.42,la
612.42,612.92,fleur
612.92,613.4,","
613.4,613.46,et
613.46,613.67,se
613.67,614.34,prépara
614.34,614.36,à
614.36,614.47,la
614.47,614.81,mettre
614.81,614.86,à
614.86,614.91,l'
614.91,615.24,abri
615.24,615.45,sous
615.45,615.64,son
615.64,616.15,globe
616.15,616.7,","
616.7,616.84,il
616.84,617.06,se
617.06,617.66,découvrit
617.66,617.76,l'
617.76,618.14,envie
618.14,618.29,de
618.29,618.78,pleurer
618.78,619.98,.
619.98,619.98,""""
619.98,620.46,adieu
620.46,620.8,""""
620.8,620.8,","
620.8,621.07,dit
621.07,621.07,-
621.07,621.2,il
621.2,621.27,à
621.27,621.43,la
621.43,621.85,fleur
621.85,622.5,.
622.5,622.81,mais
622.81,622.84,elle
622.84,622.93,ne
622.93,623.1,lui
623.1,623.64,répondit
623.64,623.82,pas
623.82,624.86,.
624.86,624.86,""""
624.86,625.34,adieu
625.34,625.75,""""
625.75,625.75,","
625.75,626.14,répéta
626.14,626.14,-
626.14,626.36,t
626.36,626.36,-
626.36,626.56,il
626.56,627.34,.
627.34,627.5,la
627.5,627.88,fleur
627.88,628.33,toussa
628.33,628.78,.
628.78,628.94,mais
628.94,629.05,ce
629.09,629.13,n'
629.13,629.35,était
629.35,629.55,pas
629.55,629.63,à
629.63,629.85,cause
629.85,629.97,de
629.97,630.13,son
630.13,630.55,rhume
630.55,631.64,.
631.64,631.64,""""
631.64,631.75,j'
631.75,631.92,ai
631.92,632.01,été
632.01,632.57,sotte
632.57,632.91,","
632.91,633.14,lui
633.14,633.35,dit
633.35,633.35,-
633.35,633.52,elle
633.52,633.86,enfin
633.86,634.27,.
634.27,634.41,je
634.41,634.52,te
634.52,634.83,demande
634.83,635.28,pardon
635.28,635.56,.
635.56,635.91,tâche
635.91,635.94,d'
635.94,636.17,être
636.17,636.46,heureux
636.46,637.33,.
637.33,637.33,""""
637.33,637.46,il
637.46,637.55,fut
637.55,638.23,surpris
638.23,638.41,par
638.41,638.44,l'
638.44,638.86,absence
638.86,638.97,de
638.97,639.68,reproches
639.68,640.78,.
640.78,640.95,il
641.02,641.44,restait
641.44,641.64,là
641.93,642.1,tout
642.1,643.02,déconcerté
643.02,643.16,","
643.16,643.36,le
643.36,643.68,globe
643.68,643.8,en
643.8,643.89,l'
643.89,644.25,air
644.25,644.7,.
644.7,644.85,il
644.85,644.97,ne
644.97,645.43,comprenait
645.43,645.6,pas
645.6,645.89,cette
645.89,646.27,douceur
646.27,646.82,calme
646.82,647.79,.
647.79,647.79,""""
647.79,647.98,mais
647.98,648.27,oui
648.27,648.27,","
648.27,648.46,je
648.46,648.51,t'
648.51,648.93,aime
648.93,649.24,","
649.24,649.46,lui
649.46,649.62,dit
649.62,649.74,la
649.74,650.18,fleur
650.18,650.66,.
650.66,650.79,tu
650.79,650.84,n'
650.84,650.93,en
650.93,651.02,as
651.02,651.26,rien
651.26,651.63,su
651.63,651.63,","
651.63,651.83,par
651.83,651.98,ma
651.98,652.54,faute
652.54,652.82,.
652.82,653.11,cela
653.11,653.16,n'
653.16,653.26,a
653.26,653.54,aucune
653.54,654.29,importance
654.29,654.79,.
654.79,654.93,mais
654.93,655.05,tu
655.05,655.14,as
655.14,655.4,été
655.4,655.64,aussi
655.64,655.83,sot
655.83,655.95,que
655.95,656.19,moi
656.19,656.74,.
656.74,656.99,tâche
656.99,657.02,d'
657.02,657.24,être
657.24,657.59,heureux
657.59,658.03,...
658.03,658.21,laisse
658.33,658.41,ce
658.41,658.68,globe
658.68,659.24,tranquille
659.24,659.66,.
659.66,659.78,je
659.78,659.87,n'
659.87,659.95,en
659.95,660.12,veux
660.12,660.44,plus
660.44,661.41,.
661.41,661.41,-
661.41,661.74,mais
661.74,661.89,le
661.93,662.2,vent
662.2,663.07,...
663.07,663.07,-
663.07,663.2,je
663.2,663.24,ne
663.24,663.47,suis
663.47,663.57,pas
663.57,663.74,si
663.74,664.08,enrhumée
664.08,664.2,que
664.2,664.47,ça
664.47,665.0,...
665.0,665.08,l'
665.08,665.2,air
665.2,665.42,frais
665.42,665.51,de
665.51,665.67,la
665.67,665.8,nuit
665.8,665.91,me
665.91,666.17,fera
666.17,666.32,du
666.32,666.58,bien
666.58,666.87,.
666.87,667.01,je
667.01,667.23,suis
667.23,667.32,une
667.32,667.83,fleur
667.83,669.07,.
669.07,669.07,-
669.07,669.2656860000002,mais
669.2656860000002,669.365763,les
669.409275,669.944467,bêtes
669.944467,671.188899,...
671.188899,671.188899,-
671.188899,671.284625,il
671.284625,671.41,faut
671.41,671.62,bien
671.62,671.68,que
671.68,671.71,je
671.71,672.33,supporte
672.33,672.43,deux
672.43,672.53,ou
672.53,672.72,trois
672.72,673.15,chenilles
673.15,673.3,si
673.3,673.42,je
673.42,673.55,veux
673.55,673.91,connaître
673.91,674.01,les
674.01,674.49,papillons
674.49,675.11,.
675.11,675.29,il
675.29,675.52,paraît
675.52,675.62,que
675.62,675.77,c'
675.77,675.85,est
675.85,676.48,tellement
676.48,676.72,beau
676.72,677.37,.
677.37,677.82,sinon
677.89,678.0,qui
678.0,678.08,me
678.08,678.4,rendra
678.4,678.9,visite
678.9,679.35,?
679.35,679.51,tu
679.51,679.8,seras
679.8,680.02,loin
680.02,680.02,","
680.02,680.33,toi
680.33,680.89,.
680.89,681.1,quant
681.1,681.15,aux
681.15,681.44,grosses
681.44,681.79,bêtes
681.79,681.79,","
681.79,681.91,je
681.91,682.01,ne
682.01,682.25,crains
682.25,682.52,rien
682.52,682.74,.
682.74,682.88,j'
682.88,682.94,ai
682.94,683.08,mes
683.08,683.592216,griffes
683.592216,684.862755,.
684.862755,684.862755,""""
684.862755,684.914969,et
684.954129,685.089015,elle
685.14,685.61,montrait
685.61,686.32,naïvement
686.32,686.62,ses
686.68,686.99,quatre
686.99,687.53,épines
687.53,688.2,.
688.2,688.53,puis
688.53,688.64,elle
688.64,689.11,ajouta
689.11,689.73,:
689.73,689.73,""""
689.73,689.890017,ne
689.95,690.19,traîne
690.19,690.34,pas
690.34,690.52,comme
690.52,690.8,ça
690.8,690.8,","
690.8,690.87,c'
690.87,690.99,est
690.99,691.53,agaçant
691.53,691.8,.
691.8,691.95,tu
691.95,692.02,as
692.02,692.4,décidé
692.4,692.52,de
692.52,693.1,partir
693.1,693.3,.
693.3,693.5,va
693.5,693.5,-
693.5,693.6,t'
693.6,693.76,en
693.76,694.25,.
694.25,694.25,""""
694.25,694.43,car
694.43,694.52,elle
694.52,694.65,ne
694.65,694.98,voulait
694.98,695.19,pas
695.19,695.3,qu'
695.3,695.47,il
695.47,695.56,la
695.56,695.73,vît
695.73,696.18,pleurer
696.18,696.59,.
696.59,696.71,c'
696.71,696.94,était
696.94,697.09,une
697.09,697.58,fleur
697.72,698.42,tellement
698.42,699.12,orgueilleuse
699.12,698.42,...
